1. el Raval  ,Nombre  ,%  ,,2. el Barri Gòtic  ,Nombre  ,%  ,,3. la Barceloneta  ,Nombre  ,%  ,,"4. Sant Pere, Santa   ",Nombre  ,%  ,,5. el Fort Pienc  ,Nombre  ,%  ,,6. la Sagrada Família  ,Nombre  ,%  ,,7. la Dreta de   ,Nombre  ,%  ,,8. l'Antiga Esquerra  ,Nombre  ,%  ,,9. la Nova Esquerra   ,Nombre  ,%  ,,10. Sant Antoni  ,Nombre  ,%  ,,11. el Poble Sec-  ,Nombre  ,%  ,,12. la Marina del Prat   ,Nombre  ,%  ,,13. la Marina de Port  ,Nombre  ,%  ,,14. la Font de la Guatlla  ,Nombre  ,%  ,,15. Hostafrancs  ,Nombre  ,%  ,,16. la Bordeta  ,Nombre  ,%  ,,17. Sants-Badal  ,Nombre  ,%  ,,18. Sants  ,Nombre  ,%  ,,19. les Corts  ,Nombre  ,%  ,,20. la Maternitat  ,Nombre  ,%  ,,21. Pedralbes   ,Nombre  ,%  ,,"22. Vallvidrera,   ",Nombre  ,%  ,,23. Sarrià  ,Nombre  ,%  ,,24. les Tres Torres  ,Nombre  ,%  ,,25. Sant Gervasi-  ,Nombre  ,%  ,,26. Sant Gervasi-  ,Nombre  ,%  ,,27. el Putxet i el Farró  ,Nombre  ,%  ,,28. Vallcarca i   ,Nombre  ,%  ,,29. el Coll  ,Nombre  ,%  ,,30. la Salut  ,Nombre  ,%  ,,31. la Vila de Gràcia  ,Nombre  ,%  ,,32. el Camp d'en Grassot  ,Nombre  ,%  ,,33. el Baix Guinardó  ,Nombre  ,%  ,,34. Can Baró  ,Nombre  ,%  ,,35. el Guinardó  ,Nombre  ,%  ,,36. la Font d'en Fargues  ,Nombre  ,%  ,,37. el Carmel  ,Nombre  ,%  ,,38. la Teixonera  ,Nombre  ,%  ,,39. Sant Genís   ,Nombre  ,%  ,,40. Montbau  ,Nombre  ,%  ,,41. la Vall d'Hebron  ,Nombre  ,%  ,,42. la Clota  ,Nombre  ,%  ,,43. Horta  ,Nombre  ,%  ,,,44. Vilapicina i   ,Nombre  ,%  ,,45. Porta  ,Nombre  ,%  ,,46. el Turó de la Peira  ,Nombre  ,%  ,,47. Can Peguera  ,Nombre  ,%  ,,48. la Guineueta  ,Nombre  ,%  ,,49. Canyelles  ,Nombre  ,%  ,,50. les Roquetes  ,Nombre  ,%  ,,51. Verdun  ,Nombre  ,%  ,,52. la Prosperitat  ,Nombre  ,%  ,,53. la Trinitat Nova  ,Nombre  ,%  ,,54. Torre Baró  ,Nombre  ,%  ,,55. Ciutat Meridiana  ,Nombre  ,%  ,,56. Vallbona  ,Nombre  ,%  ,,57. la Trinitat Vella  ,Nombre  ,%  ,,58. Baró de Viver  ,Nombre  ,%  ,,59. el Bon Pastor  ,Nombre  ,%  ,,60. Sant Andreu  ,Nombre  ,%  ,,61. la Sagrera  ,Nombre  ,%  ,,62. el Congrés i  ,Nombre  ,%  ,,63. Navas  ,Nombre  ,%  ,,64. el Camp de   ,Nombre  ,%  ,,65. el Clot  ,Nombre  ,%  ,,66. el Parc i la Llacuna  ,Nombre  ,%  ,,67. la Vila Olímpica   ,Nombre  ,%  ,,68. el Poblenou  ,Nombre  ,%  ,,69. Diagonal Mar i el Front   ,Nombre  ,%  ,,70. el Besòs i   ,Nombre  ,%  ,,71. Provençals del  ,Nombre  ,%  ,,72. Sant Martí de   ,Nombre  ,%  ,,73. la Verneda i la Pau  ,Nombre  ,%  ,
,,,,,,,,,,,,Caterina i la Ribera  ,,,,,,,,,,,,l'Eixample  ,,,,de l'Eixample  ,,,,de l'Eixample  ,,,,,,,,AEI Parc Montjuïc  ,,,,Vermell-AEI Zona Franca  ,,,,,,,,,,,,,,,,,,,,,,,,,,,,,,,,i Sant Ramon  ,,,,,,,,el Tibidabo  ,,,,,,,,,,,,la Bonanova  ,,,,Galvany  ,,,,,,,,els Penitents  ,,,,,,,,,,,,,,,,i Gràcia Nova  ,,,,,,,,,,,,,,,,,,,,,,,,,,,,dels Agudells  ,,,,,,,,,,,,,,,,,,,,,la Torre Llobeta  ,,,,,,,,,,,,,,,,,,,,,,,,,,,,,,,,,,,,,,,,,,,,,,,,,,,,,,,,,,,,,,,,,,,,,,,,els Indians  ,,,,,,,,l'Arpa del Clot  ,,,,,,,,del Poblenou  ,,,,del Poblenou  ,,,,,,,,Marítim del Poblenou  ,,,,el Maresme  ,,,,Poblenou  ,,,,Provençals  ,,,,,,,
,,,,,,,,,,,,,,,,,,,,,,,,,,,,,,,,,,,,,,,,,,,,,,,,,,,,,,,,,,,,,,,,,,,,,,,,,,,,,,,,,,,,i les Planes  ,,,,,,,,,,,,,,,,,,,,,,,,,,,,,,,,,,,,,,,,,,,,,,,,,,,,,,,,,,,,,,,,,,,,,,,,,,,,,,,,,,,,,,,,,,,,,,,,,,,,,,,,,,,,,,,,,,,,,,,,,,,,,,,,,,,,,,,,,,,,,,,,,,,,,,,,,,,,,,,,,,,,,,,,,,,,,,,,,,,,,,,,,,,,,,,,,,,,,,,,,,,,,,,,
,,,,,,,,,,,,,,,,,,,,,,,,,,,,,,,,,,,,,,,,,,,,,,,,,,,,,,,,,,,,,,,,,,,,,,,,,,,,,,,,,,,,,,,,,,,,,,,,,,,,,,,,,,,,,,,,,,,,,,,,,,,,,,,,,,,,,,,,,,,,,,,,,,,,,,,,,,,,,,,,,,,,,,,,,,,,,,,,,,,,,,,,,,,,,,,,,,,,,,,,,,,,,,,,,,,,,,,,,,,,,,,,,,,,,,,,,,,,,,,,,,,,,,,,,,,,,,,,,,,,,,,,,,,,,,,,,,,,,,,,,,,,,,,,,,,,
TOTAL POBLACIÓ  ,47.605  ,"100,0  ",,TOTAL POBLACIÓ  ,17.035  ,"100,0  ",,TOTAL POBLACIÓ  ,14.893  ,"100,0  ",,TOTAL POBLACIÓ  ,22.605  ,"100,0  ",,TOTAL POBLACIÓ  ,32.080  ,"100,0  ",,TOTAL POBLACIÓ  ,51.654  ,"100,0  ",,TOTAL POBLACIÓ  ,43.880  ,"100,0  ",,TOTAL POBLACIÓ  ,42.611  ,"100,0  ",,TOTAL POBLACIÓ  ,58.238  ,"100,0  ",,TOTAL POBLACIÓ  ,38.291  ,"100,0  ",,TOTAL POBLACIÓ  ,39.775  ,"100,0  ",,TOTAL POBLACIÓ  ,1.161  ,"100,0  ",,TOTAL POBLACIÓ  ,30.751  ,"100,0  ",,TOTAL POBLACIÓ  ,10.307  ,"100,0  ",,TOTAL POBLACIÓ  ,15.969  ,"100,0  ",,TOTAL POBLACIÓ  ,18.833  ,"100,0  ",,TOTAL POBLACIÓ  ,24.018  ,"100,0  ",,TOTAL POBLACIÓ  ,41.370  ,"100,0  ",,TOTAL POBLACIÓ  ,46.152  ,"100,0  ",,TOTAL POBLACIÓ  ,23.984  ,"100,0  ",,TOTAL POBLACIÓ  ,12.046  ,"100,0  ",,TOTAL POBLACIÓ  ,4.710  ,"100,0  ",,TOTAL POBLACIÓ  ,25.116  ,"100,0  ",,TOTAL POBLACIÓ  ,16.678  ,"100,0  ",,TOTAL POBLACIÓ  ,25.889  ,"100,0  ",,TOTAL POBLACIÓ  ,47.753  ,"100,0  ",,TOTAL POBLACIÓ  ,29.691  ,"100,0  ",,TOTAL POBLACIÓ  ,15.789  ,"100,0  ",,TOTAL POBLACIÓ  ,7.460  ,"100,0  ",,TOTAL POBLACIÓ  ,13.260  ,"100,0  ",,TOTAL POBLACIÓ  ,50.421  ,"100,0  ",,TOTAL POBLACIÓ  ,34.663  ,"100,0  ",,TOTAL POBLACIÓ  ,25.793  ,"100,0  ",,TOTAL POBLACIÓ  ,9.071  ,"100,0  ",,TOTAL POBLACIÓ  ,36.890  ,"100,0  ",,TOTAL POBLACIÓ  ,9.446  ,"100,0  ",,TOTAL POBLACIÓ  ,31.832  ,"100,0  ",,TOTAL POBLACIÓ  ,11.650  ,"100,0  ",,TOTAL POBLACIÓ  ,7.149  ,"100,0  ",,TOTAL POBLACIÓ  ,5.157  ,"100,0  ",,TOTAL POBLACIÓ  ,5.737  ,"100,0  ",,TOTAL POBLACIÓ  ,657  ,"100,0  ",,TOTAL POBLACIÓ  ,26.867  ,"100,0  ",,,TOTAL POBLACIÓ  ,25.675  ,"100,0  ",,TOTAL POBLACIÓ  ,25.568  ,"100,0  ",,TOTAL POBLACIÓ  ,15.616  ,"100,0  ",,TOTAL POBLACIÓ  ,2.229  ,"100,0  ",,TOTAL POBLACIÓ  ,15.293  ,"100,0  ",,TOTAL POBLACIÓ  ,6.885  ,"100,0  ",,TOTAL POBLACIÓ  ,15.784  ,"100,0  ",,TOTAL POBLACIÓ  ,12.445  ,"100,0  ",,TOTAL POBLACIÓ  ,26.552  ,"100,0  ",,TOTAL POBLACIÓ  ,7.365  ,"100,0  ",,TOTAL POBLACIÓ  ,2.893  ,"100,0  ",,TOTAL POBLACIÓ  ,10.622  ,"100,0  ",,TOTAL POBLACIÓ  ,1.400  ,"100,0  ",,TOTAL POBLACIÓ  ,10.071  ,"100,0  ",,TOTAL POBLACIÓ  ,2.535  ,"100,0  ",,TOTAL POBLACIÓ  ,12.740  ,"100,0  ",,TOTAL POBLACIÓ  ,57.662  ,"100,0  ",,TOTAL POBLACIÓ  ,29.197  ,"100,0  ",,TOTAL POBLACIÓ  ,14.196  ,"100,0  ",,TOTAL POBLACIÓ  ,22.159  ,"100,0  ",,TOTAL POBLACIÓ  ,38.440  ,"100,0  ",,TOTAL POBLACIÓ  ,27.050  ,"100,0  ",,TOTAL POBLACIÓ  ,15.426  ,"100,0  ",,TOTAL POBLACIÓ  ,9.312  ,"100,0  ",,TOTAL POBLACIÓ  ,33.985  ,"100,0  ",,TOTAL POBLACIÓ  ,13.681  ,"100,0  ",,TOTAL POBLACIÓ  ,23.546  ,"100,0  ",,TOTAL POBLACIÓ  ,20.766  ,"100,0  ",,TOTAL POBLACIÓ  ,26.092  ,"100,0  ",,TOTAL POBLACIÓ  ,28.814  ,"100,0  ",
Espanyola  ,23.795  ,"50,0  ",,Espanyola  ,8.501  ,"49,9  ",,Espanyola  ,9.536  ,"64,0  ",,Espanyola  ,12.999  ,"57,5  ",,Espanyola  ,24.722  ,"77,1  ",,Espanyola  ,41.115  ,"79,6  ",,Espanyola  ,34.125  ,"77,8  ",,Espanyola  ,33.291  ,"78,1  ",,Espanyola  ,47.390  ,"81,4  ",,Espanyola  ,29.854  ,"78,0  ",,Espanyola  ,27.353  ,"68,8  ",,Espanyola  ,1.055  ,"90,9  ",,Espanyola  ,26.096  ,"84,9  ",,Espanyola  ,8.320  ,"80,7  ",,Espanyola  ,12.253  ,"76,7  ",,Espanyola  ,16.305  ,"86,6  ",,Espanyola  ,19.787  ,"82,4  ",,Espanyola  ,33.991  ,"82,2  ",,Espanyola  ,40.780  ,"88,4  ",,Espanyola  ,21.147  ,"88,2  ",,Espanyola  ,9.908  ,"82,3  ",,Espanyola  ,4.025  ,"85,5  ",,Espanyola  ,21.770  ,"86,7  ",,Espanyola  ,15.085  ,"90,4  ",,Espanyola  ,22.931  ,"88,6  ",,Espanyola  ,41.726  ,"87,4  ",,Espanyola  ,25.696  ,"86,5  ",,Espanyola  ,13.554  ,"85,8  ",,Espanyola  ,6.353  ,"85,2  ",,Espanyola  ,11.441  ,"86,3  ",,Espanyola  ,39.922  ,"79,2  ",,Espanyola  ,29.680  ,"85,6  ",,Espanyola  ,22.101  ,"85,7  ",,Espanyola  ,7.760  ,"85,5  ",,Espanyola  ,31.459  ,"85,3  ",,Espanyola  ,8.821  ,"93,4  ",,Espanyola  ,27.060  ,"85,0  ",,Espanyola  ,10.003  ,"85,9  ",,Espanyola  ,6.096  ,"85,3  ",,Espanyola  ,4.513  ,"87,5  ",,Espanyola  ,5.204  ,"90,7  ",,Espanyola  ,575  ,"87,5  ",,Espanyola  ,23.788  ,"88,5  ",,,Espanyola  ,22.141  ,"86,2  ",,Espanyola  ,21.287  ,"83,3  ",,Espanyola  ,12.213  ,"78,2  ",,Espanyola  ,2.024  ,"90,8  ",,Espanyola  ,14.029  ,"91,7  ",,Espanyola  ,6.562  ,"95,3  ",,Espanyola  ,12.360  ,"78,3  ",,Espanyola  ,9.991  ,"80,3  ",,Espanyola  ,22.331  ,"84,1  ",,Espanyola  ,5.821  ,"79,0  ",,Espanyola  ,2.371  ,"82,0  ",,Espanyola  ,7.429  ,"69,9  ",,Espanyola  ,1.214  ,"86,7  ",,Espanyola  ,7.154  ,"71,0  ",,Espanyola  ,2.211  ,"87,2  ",,Espanyola  ,10.865  ,"85,3  ",,Espanyola  ,53.073  ,"92,0  ",,Espanyola  ,25.359  ,"86,9  ",,Espanyola  ,12.250  ,"86,3  ",,Espanyola  ,18.881  ,"85,2  ",,Espanyola  ,31.716  ,"82,5  ",,Espanyola  ,22.953  ,"84,9  ",,Espanyola  ,12.002  ,"77,8  ",,Espanyola  ,7.747  ,"83,2  ",,Espanyola  ,27.827  ,"81,9  ",,Espanyola  ,11.047  ,"80,7  ",,Espanyola  ,16.915  ,"71,8  ",,Espanyola  ,17.698  ,"85,2  ",,Espanyola  ,22.794  ,"87,4  ",,Espanyola  ,25.159  ,"87,3  ",
Estrangera  ,23.802  ,"50,0  ",,Estrangera  ,8.527  ,"50,1  ",,Estrangera  ,5.356  ,"36,0  ",,Estrangera  ,9.602  ,"42,5  ",,Estrangera  ,7.348  ,"22,9  ",,Estrangera  ,10.534  ,"20,4  ",,Estrangera  ,9.738  ,"22,2  ",,Estrangera  ,9.309  ,"21,8  ",,Estrangera  ,10.836  ,"18,6  ",,Estrangera  ,8.427  ,"22,0  ",,Estrangera  ,12.414  ,"31,2  ",,Estrangera  ,106  ,"9,1  ",,Estrangera  ,4.654  ,"15,1  ",,Estrangera  ,1.986  ,"19,3  ",,Estrangera  ,3.715  ,"23,3  ",,Estrangera  ,2.525  ,"13,4  ",,Estrangera  ,4.229  ,"17,6  ",,Estrangera  ,7.376  ,"17,8  ",,Estrangera  ,5.364  ,"11,6  ",,Estrangera  ,2.836  ,"11,8  ",,Estrangera  ,2.134  ,"17,7  ",,Estrangera  ,685  ,"14,5  ",,Estrangera  ,3.337  ,"13,3  ",,Estrangera  ,1.593  ,"9,6  ",,Estrangera  ,2.958  ,"11,4  ",,Estrangera  ,6.016  ,"12,6  ",,Estrangera  ,3.991  ,"13,4  ",,Estrangera  ,2.234  ,"14,1  ",,Estrangera  ,1.107  ,"14,8  ",,Estrangera  ,1.816  ,"13,7  ",,Estrangera  ,10.483  ,"20,8  ",,Estrangera  ,4.971  ,"14,3  ",,Estrangera  ,3.690  ,"14,3  ",,Estrangera  ,1.309  ,"14,4  ",,Estrangera  ,5.430  ,"14,7  ",,Estrangera  ,625  ,"6,6  ",,Estrangera  ,4.772  ,"15,0  ",,Estrangera  ,1.646  ,"14,1  ",,Estrangera  ,1.053  ,"14,7  ",,Estrangera  ,644  ,"12,5  ",,Estrangera  ,533  ,"9,3  ",,Estrangera  ,82  ,"12,5  ",,Estrangera  ,3.078  ,"11,5  ",,,Estrangera  ,3.531  ,"13,8  ",,Estrangera  ,4.280  ,"16,7  ",,Estrangera  ,3.402  ,"21,8  ",,Estrangera  ,205  ,"9,2  ",,Estrangera  ,1.264  ,"8,3  ",,Estrangera  ,323  ,"4,7  ",,Estrangera  ,3.423  ,"21,7  ",,Estrangera  ,2.454  ,"19,7  ",,Estrangera  ,4.220  ,"15,9  ",,Estrangera  ,1.544  ,"21,0  ",,Estrangera  ,522  ,"18,0  ",,Estrangera  ,3.193  ,"30,1  ",,Estrangera  ,185  ,"13,2  ",,Estrangera  ,2.917  ,"29,0  ",,Estrangera  ,324  ,"12,8  ",,Estrangera  ,1.875  ,"14,7  ",,Estrangera  ,4.588  ,"8,0  ",,Estrangera  ,3.836  ,"13,1  ",,Estrangera  ,1.943  ,"13,7  ",,Estrangera  ,3.274  ,"14,8  ",,Estrangera  ,6.719  ,"17,5  ",,Estrangera  ,4.094  ,"15,1  ",,Estrangera  ,3.417  ,"22,2  ",,Estrangera  ,1.564  ,"16,8  ",,Estrangera  ,6.154  ,"18,1  ",,Estrangera  ,2.633  ,"19,2  ",,Estrangera  ,6.630  ,"28,2  ",,Estrangera  ,3.066  ,"14,8  ",,Estrangera  ,3.298  ,"12,6  ",,Estrangera  ,3.653  ,"12,7  ",
Apàtrides/no consta  ,8  ,"0,0  ",,Apàtrides/no consta  ,7  ,"0,1  ",,Apàtrides/no consta  ,1  ,"0,0  ",,Apàtrides/no consta  ,4  ,"0,0  ",,Apàtrides/no consta  ,10  ,"0,0  ",,Apàtrides/no consta  ,5  ,"0,0  ",,Apàtrides/no consta  ,17  ,"0,0  ",,Apàtrides/no consta  ,11  ,"0,0  ",,Apàtrides/no consta  ,12  ,"0,0  ",,Apàtrides/no consta  ,10  ,"0,0  ",,Apàtrides/no consta  ,8  ,"0,0  ",,Apàtrides/no consta  ,0  ,-  ,,Apàtrides/no consta  ,1  ,"0,0  ",,Apàtrides/no consta  ,1  ,"0,0  ",,Apàtrides/no consta  ,1  ,"0,0  ",,Apàtrides/no consta  ,3  ,"0,0  ",,Apàtrides/no consta  ,2  ,"0,0  ",,Apàtrides/no consta  ,3  ,"0,0  ",,Apàtrides/no consta  ,8  ,"0,0  ",,Apàtrides/no consta  ,1  ,"0,0  ",,Apàtrides/no consta  ,4  ,"0,0  ",,Apàtrides/no consta  ,0  ,-  ,,Apàtrides/no consta  ,9  ,"0,0  ",,Apàtrides/no consta  ,0  ,-  ,,Apàtrides/no consta  ,0  ,-  ,,Apàtrides/no consta  ,11  ,"0,0  ",,Apàtrides/no consta  ,4  ,"0,0  ",,Apàtrides/no consta  ,1  ,"0,0  ",,Apàtrides/no consta  ,0  ,-  ,,Apàtrides/no consta  ,3  ,"0,0  ",,Apàtrides/no consta  ,16  ,"0,0  ",,Apàtrides/no consta  ,12  ,"0,0  ",,Apàtrides/no consta  ,2  ,"0,0  ",,Apàtrides/no consta  ,2  ,"0,0  ",,Apàtrides/no consta  ,1  ,"0,0  ",,Apàtrides/no consta  ,0  ,-  ,,Apàtrides/no consta  ,0  ,-  ,,Apàtrides/no consta  ,1  ,"0,0  ",,Apàtrides/no consta  ,0  ,-  ,,Apàtrides/no consta  ,0  ,-  ,,Apàtrides/no consta  ,0  ,-  ,,Apàtrides/no consta  ,0  ,-  ,,Apàtrides/no consta  ,1  ,"0,0  ",,,Apàtrides/no consta  ,3  ,"0,0  ",,Apàtrides/no consta  ,1  ,"0,0  ",,Apàtrides/no consta  ,1  ,"0,0  ",,Apàtrides/no consta  ,0  ,-  ,,Apàtrides/no consta  ,0  ,-  ,,Apàtrides/no consta  ,0  ,-  ,,Apàtrides/no consta  ,1  ,"0,0  ",,Apàtrides/no consta  ,0  ,-  ,,Apàtrides/no consta  ,1  ,"0,0  ",,Apàtrides/no consta  ,0  ,-  ,,Apàtrides/no consta  ,0  ,-  ,,Apàtrides/no consta  ,0  ,-  ,,Apàtrides/no consta  ,1  ,"0,1  ",,Apàtrides/no consta  ,0  ,-  ,,Apàtrides/no consta  ,0  ,-  ,,Apàtrides/no consta  ,0  ,-  ,,Apàtrides/no consta  ,1  ,"0,0  ",,Apàtrides/no consta  ,2  ,"0,0  ",,Apàtrides/no consta  ,3  ,"0,0  ",,Apàtrides/no consta  ,4  ,"0,0  ",,Apàtrides/no consta  ,5  ,"0,0  ",,Apàtrides/no consta  ,3  ,"0,0  ",,Apàtrides/no consta  ,7  ,"0,0  ",,Apàtrides/no consta  ,1  ,"0,0  ",,Apàtrides/no consta  ,4  ,"0,0  ",,Apàtrides/no consta  ,1  ,"0,0  ",,Apàtrides/no consta  ,1  ,"0,0  ",,Apàtrides/no consta  ,2  ,"0,0  ",,Apàtrides/no consta  ,0  ,"0,0  ",,Apàtrides/no consta  ,2  ,"0,0  ",
,,,,,,,,,,,,,,,,,,,,,,,,,,,,,,,,,,,,,,,,,,,,,,,,,,,,,,,,,,,,,,,,,,,,,,,,,,,,,,,,,,,,,,,,,,,,,,,,,,,,,,,,,,,,,,,,,,,,,,,,,,,,,,,,,,,,,,,,,,,,,,,,,,,,,,,,,,,,,,,,,,,,,,,,,,,,,,,,,,,,,,,,,,,,,,,,,,,,,,,,,,,,,,,,,,,,,,,,,,,,,,,,,,,,,,,,,,,,,,,,,,,,,,,,,,,,,,,,,,,,,,,,,,,,,,,,,,,,,,,,,,,,,,,,,  ,,,
POBLACIÓ ESTRANGERA  ,23.810  ,"100,0  ",,POBLACIÓ ESTRANGERA  ,8.534  ,"100,0  ",,POBLACIÓ ESTRANGERA  ,5.357  ,"100,0  ",,POBLACIÓ ESTRANGERA  ,9.606  ,"100,0  ",,POBLACIÓ ESTRANGERA  ,7.358  ,"100,0  ",,POBLACIÓ ESTRANGERA  ,10.539  ,"100,0  ",,POBLACIÓ ESTRANGERA  ,9.755  ,"100,0  ",,POBLACIÓ ESTRANGERA  ,9.320  ,"100,0  ",,POBLACIÓ ESTRANGERA  ,10.848  ,"100,0  ",,POBLACIÓ ESTRANGERA  ,8.437  ,"100,0  ",,POBLACIÓ ESTRANGERA  ,12.422  ,"100,0  ",,POBLACIÓ ESTRANGERA  ,106  ,"100,0  ",,POBLACIÓ ESTRANGERA  ,4.655  ,"100,0  ",,POBLACIÓ ESTRANGERA  ,1.987  ,"100,0  ",,POBLACIÓ ESTRANGERA  ,3.716  ,"100,0  ",,POBLACIÓ ESTRANGERA  ,2.528  ,"100,0  ",,POBLACIÓ ESTRANGERA  ,4.231  ,"100,0  ",,POBLACIÓ ESTRANGERA  ,7.379  ,"100,0  ",,POBLACIÓ ESTRANGERA  ,5.372  ,"100,0  ",,POBLACIÓ ESTRANGERA  ,2.837  ,"100,0  ",,POBLACIÓ ESTRANGERA  ,2.138  ,"100,0  ",,POBLACIÓ ESTRANGERA  ,685  ,"100,0  ",,POBLACIÓ ESTRANGERA  ,3.346  ,"100,0  ",,POBLACIÓ ESTRANGERA  ,1.593  ,"100,0  ",,POBLACIÓ ESTRANGERA  ,2.958  ,"100,0  ",,POBLACIÓ ESTRANGERA  ,6.027  ,"100,0  ",,POBLACIÓ ESTRANGERA  ,3.995  ,"100,0  ",,POBLACIÓ ESTRANGERA  ,2.235  ,"100,0  ",,POBLACIÓ ESTRANGERA  ,1.107  ,"100,0  ",,POBLACIÓ ESTRANGERA  ,1.819  ,"100,0  ",,POBLACIÓ ESTRANGERA  ,10.499  ,"100,0  ",,POBLACIÓ ESTRANGERA  ,4.983  ,"100,0  ",,POBLACIÓ ESTRANGERA  ,3.692  ,"100,0  ",,POBLACIÓ ESTRANGERA  ,1.311  ,"100,0  ",,POBLACIÓ ESTRANGERA  ,5.431  ,"100,0  ",,POBLACIÓ ESTRANGERA  ,625  ,"100,0  ",,POBLACIÓ ESTRANGERA  ,4.772  ,"100,0  ",,POBLACIÓ ESTRANGERA  ,1.647  ,"100,0  ",,POBLACIÓ ESTRANGERA  ,1.053  ,"100,0  ",,POBLACIÓ ESTRANGERA  ,644  ,"100,0  ",,POBLACIÓ ESTRANGERA  ,533  ,"100,0  ",,POBLACIÓ ESTRANGERA  ,82  ,"100,0  ",,POBLACIÓ ESTRANGERA  ,3.079  ,"100,0  ",,,POBLACIÓ ESTRANGERA  ,3.534  ,"100,0  ",,POBLACIÓ ESTRANGERA  ,4.281  ,"100,0  ",,POBLACIÓ ESTRANGERA  ,3.403  ,"100,0  ",,POBLACIÓ ESTRANGERA  ,205  ,"100,0  ",,POBLACIÓ ESTRANGERA  ,1.264  ,"100,0  ",,POBLACIÓ ESTRANGERA  ,323  ,"100,0  ",,POBLACIÓ ESTRANGERA  ,3.424  ,"100,0  ",,POBLACIÓ ESTRANGERA  ,2.454  ,"100,0  ",,POBLACIÓ ESTRANGERA  ,4.221  ,"100,0  ",,POBLACIÓ ESTRANGERA  ,1.544  ,"100,0  ",,POBLACIÓ ESTRANGERA  ,522  ,"100,0  ",,POBLACIÓ ESTRANGERA  ,3.193  ,"100,0  ",,POBLACIÓ ESTRANGERA  ,186  ,"100,0  ",,POBLACIÓ ESTRANGERA  ,2.917  ,"100,0  ",,POBLACIÓ ESTRANGERA  ,324  ,"100,0  ",,POBLACIÓ ESTRANGERA  ,1.875  ,"100,0  ",,POBLACIÓ ESTRANGERA  ,4.589  ,"100,0  ",,POBLACIÓ ESTRANGERA  ,3.838  ,"100,0  ",,POBLACIÓ ESTRANGERA  ,1.946  ,"100,0  ",,POBLACIÓ ESTRANGERA  ,3.278  ,"100,0  ",,POBLACIÓ ESTRANGERA  ,6.724  ,"100,0  ",,POBLACIÓ ESTRANGERA  ,4.097  ,"100,0  ",,POBLACIÓ ESTRANGERA  ,3.424  ,"100,0  ",,POBLACIÓ ESTRANGERA  ,1.565  ,"100,0  ",,POBLACIÓ ESTRANGERA  ,6.158  ,"100,0  ",,POBLACIÓ ESTRANGERA  ,2.634  ,"100,0  ",,POBLACIÓ ESTRANGERA  ,6.631  ,"100,0  ",,POBLACIÓ ESTRANGERA  ,3.068  ,"100,0  ",,POBLACIÓ ESTRANGERA  ,3.298  ,"100,0  ",,POBLACIÓ ESTRANGERA  ,3.655  ,"100,0  ",
Home  ,13.877  ,"58,3  ",,Home  ,4.919  ,"57,6  ",,Home  ,2.797  ,"52,2  ",,Home  ,5.033  ,"52,4  ",,Home  ,3.628  ,"49,3  ",,Home  ,4.906  ,"46,6  ",,Home  ,4.690  ,"48,1  ",,Home  ,4.551  ,"48,8  ",,Home  ,5.127  ,"47,3  ",,Home  ,4.295  ,"50,9  ",,Home  ,6.485  ,"52,2  ",,Home  ,48  ,"45,3  ",,Home  ,2.197  ,"47,2  ",,Home  ,1.015  ,"51,1  ",,Home  ,1.879  ,"50,6  ",,Home  ,1.248  ,"49,4  ",,Home  ,1.999  ,"47,2  ",,Home  ,3.717  ,"50,4  ",,Home  ,2.509  ,"46,7  ",,Home  ,1.334  ,"47,0  ",,Home  ,1.021  ,"47,8  ",,Home  ,323  ,"47,2  ",,Home  ,1.639  ,"49,0  ",,Home  ,703  ,"44,1  ",,Home  ,1.344  ,"45,4  ",,Home  ,2.626  ,"43,6  ",,Home  ,1.850  ,"46,3  ",,Home  ,1.076  ,"48,1  ",,Home  ,502  ,"45,3  ",,Home  ,901  ,"49,5  ",,Home  ,5.003  ,"47,7  ",,Home  ,2.322  ,"46,6  ",,Home  ,1.751  ,"47,4  ",,Home  ,643  ,"49,0  ",,Home  ,2.518  ,"46,4  ",,Home  ,276  ,"44,2  ",,Home  ,2.337  ,"49,0  ",,Home  ,823  ,"50,0  ",,Home  ,517  ,"49,1  ",,Home  ,297  ,"46,1  ",,Home  ,239  ,"44,8  ",,Home  ,48  ,"58,5  ",,Home  ,1.462  ,"47,5  ",,,Home  ,1.694  ,"47,9  ",,Home  ,1.978  ,"46,2  ",,Home  ,1.633  ,"48,0  ",,Home  ,93  ,"45,4  ",,Home  ,540  ,"42,7  ",,Home  ,149  ,"46,1  ",,Home  ,1.609  ,"47,0  ",,Home  ,1.131  ,"46,1  ",,Home  ,1.943  ,"46,0  ",,Home  ,775  ,"50,2  ",,Home  ,264  ,"50,6  ",,Home  ,1.599  ,"50,1  ",,Home  ,96  ,"51,6  ",,Home  ,1.671  ,"57,3  ",,Home  ,153  ,"47,2  ",,Home  ,973  ,"51,9  ",,Home  ,2.193  ,"47,8  ",,Home  ,1.808  ,"47,1  ",,Home  ,912  ,"46,9  ",,Home  ,1.617  ,"49,3  ",,Home  ,3.284  ,"48,8  ",,Home  ,2.032  ,"49,6  ",,Home  ,1.789  ,"52,2  ",,Home  ,770  ,"49,2  ",,Home  ,3.090  ,"50,2  ",,Home  ,1.309  ,"49,7  ",,Home  ,3.844  ,"58,0  ",,Home  ,1.534  ,"50,0  ",,Home  ,1.635  ,"49,6  ",,Home  ,1.784  ,"48,8  ",
Dona  ,9.933  ,"41,7  ",,Dona  ,3.615  ,"42,4  ",,Dona  ,2.560  ,"47,8  ",,Dona  ,4.573  ,"47,6  ",,Dona  ,3.730  ,"50,7  ",,Dona  ,5.633  ,"53,4  ",,Dona  ,5.065  ,"51,9  ",,Dona  ,4.769  ,"51,2  ",,Dona  ,5.721  ,"52,7  ",,Dona  ,4.142  ,"49,1  ",,Dona  ,5.937  ,"47,8  ",,Dona  ,58  ,"54,7  ",,Dona  ,2.458  ,"52,8  ",,Dona  ,972  ,"48,9  ",,Dona  ,1.837  ,"49,4  ",,Dona  ,1.280  ,"50,6  ",,Dona  ,2.232  ,"52,8  ",,Dona  ,3.662  ,"49,6  ",,Dona  ,2.863  ,"53,3  ",,Dona  ,1.503  ,"53,0  ",,Dona  ,1.117  ,"52,2  ",,Dona  ,362  ,"52,8  ",,Dona  ,1.707  ,"51,0  ",,Dona  ,890  ,"55,9  ",,Dona  ,1.614  ,"54,6  ",,Dona  ,3.401  ,"56,4  ",,Dona  ,2.145  ,"53,7  ",,Dona  ,1.159  ,"51,9  ",,Dona  ,605  ,"54,7  ",,Dona  ,918  ,"50,5  ",,Dona  ,5.496  ,"52,3  ",,Dona  ,2.661  ,"53,4  ",,Dona  ,1.941  ,"52,6  ",,Dona  ,668  ,"51,0  ",,Dona  ,2.913  ,"53,6  ",,Dona  ,349  ,"55,8  ",,Dona  ,2.435  ,"51,0  ",,Dona  ,824  ,"50,0  ",,Dona  ,536  ,"50,9  ",,Dona  ,347  ,"53,9  ",,Dona  ,294  ,"55,2  ",,Dona  ,34  ,"41,5  ",,Dona  ,1.617  ,"52,5  ",,,Dona  ,1.840  ,"52,1  ",,Dona  ,2.303  ,"53,8  ",,Dona  ,1.770  ,"52,0  ",,Dona  ,112  ,"54,6  ",,Dona  ,724  ,"57,3  ",,Dona  ,174  ,"53,9  ",,Dona  ,1.815  ,"53,0  ",,Dona  ,1.323  ,"53,9  ",,Dona  ,2.278  ,"54,0  ",,Dona  ,769  ,"49,8  ",,Dona  ,258  ,"49,4  ",,Dona  ,1.594  ,"49,9  ",,Dona  ,90  ,"48,4  ",,Dona  ,1.246  ,"42,7  ",,Dona  ,171  ,"52,8  ",,Dona  ,902  ,"48,1  ",,Dona  ,2.396  ,"52,2  ",,Dona  ,2.030  ,"52,9  ",,Dona  ,1.034  ,"53,1  ",,Dona  ,1.661  ,"50,7  ",,Dona  ,3.440  ,"51,2  ",,Dona  ,2.065  ,"50,4  ",,Dona  ,1.635  ,"47,8  ",,Dona  ,795  ,"50,8  ",,Dona  ,3.068  ,"49,8  ",,Dona  ,1.325  ,"50,3  ",,Dona  ,2.787  ,"42,0  ",,Dona  ,1.534  ,"50,0  ",,Dona  ,1.663  ,"50,4  ",,Dona  ,1.871  ,"51,2  ",
,,,,,,,,,,,,,,,,,,,,,,,,,,,,,,,,,,,,,,,,,,,,,,,,,,,,,,,,,,,,,,,,,,,,,,,,,,,,,,,,,,,,,,,,,,,,,,,,,,,,,,,,,,,,,,,,,,,,,,,,,,,,,,,,,,,,,,,,,,,,,,,,,,,,,,,,,,,,,,,,,,,,,,,,,,,,,,,,,,,,,,,,,,,,,,,,,,,,,,,,,,,,,,,,,,,,,,,,,,,,,,,,,,,,,,,,,,,,,,,,,,,,,,,,,,,,,,,,,,,,,,,,,,,,,,,,,,,,,,,,,,,,,,,,,,,,
Mitjana d'edat  ,"32,9  ",,,Mitjana d'edat  ,"33,6  ",,,Mitjana d'edat  ,"33,5  ",,,Mitjana d'edat  ,"32,9  ",,,Mitjana d'edat  ,"33,3  ",,,Mitjana d'edat  ,"33,6  ",,,Mitjana d'edat  ,"34,4  ",,,Mitjana d'edat  ,"34,4  ",,,Mitjana d'edat  ,"34,2  ",,,Mitjana d'edat  ,"34,2  ",,,Mitjana d'edat  ,"33,6  ",,,Mitjana d'edat  ,"35,1  ",,,Mitjana d'edat  ,"33,3  ",,,Mitjana d'edat  ,"34,5  ",,,Mitjana d'edat  ,"33,1  ",,,Mitjana d'edat  ,"34,0  ",,,Edat mitjana  ,"33,4  ",,,Edat mitjana  ,"33,8  ",,,Mitjana d'edat  ,"34,6  ",,,Mitjana d'edat  ,"33,6  ",,,Mitjana d'edat  ,"34,6  ",,,Mitjana d'edat  ,"36,4  ",,,Mitjana d'edat  ,"34,3  ",,,Mitjana d'edat  ,"36,0  ",,,Mitjana d'edat  ,"34,9  ",,,Mitjana d'edat  ,"35,8  ",,,Mitjana d'edat  ,"34,8  ",,,Mitjana d'edat  ,"34,4  ",,,Mitjana d'edat  ,"33,8  ",,,Mitjana d'edat  ,"33,8  ",,,Mitjana d'edat  ,"33,6  ",,,Mitjana d'edat  ,"33,8  ",,,Mitjana d'edat  ,"34,5  ",,,Mitjana d'edat  ,"32,9  ",,,Mitjana d'edat  ,"33,7  ",,,Mitjana d'edat  ,"35,0  ",,,Mitjana d'edat  ,"32,7  ",,,Mitjana d'edat  ,"33,1  ",,,Mitjana d'edat  ,"33,3  ",,,Mitjana d'edat  ,"32,4  ",,,Mitjana d'edat  ,"33,8  ",,,Mitjana d'edat  ,"32,8  ",,,Mitjana d'edat  ,"33,0  ",,,,Mitjana d'edat  ,"33,7  ",,,Mitjana d'edat  ,"33,3  ",,,Mitjana d'edat  ,"32,5  ",,,Mitjana d'edat  ,"35,2  ",,,Mitjana d'edat  ,"34,1  ",,,Mitjana d'edat  ,"35,2  ",,,Mitjana d'edat  ,"31,6  ",,,Mitjana d'edat  ,"32,1  ",,,Mitjana d'edat  ,"32,2  ",,,Mitjana d'edat  ,"32,3  ",,,Mitjana d'edat  ,"32,4  ",,,Mitjana d'edat  ,"31,0  ",,,Mitjana d'edat  ,"34,3  ",,,Mitjana d'edat  ,"32,5  ",,,Mitjana d'edat  ,"31,8  ",,,Mitjana d'edat  ,"32,9  ",,,Mitjana d'edat  ,"34,6  ",,,Mitjana d'edat  ,"33,8  ",,,Mitjana d'edat  ,"34,1  ",,,Mitjana d'edat  ,"34,6  ",,,Mitjana d'edat  ,"34,2  ",,,Mitjana d'edat  ,"33,9  ",,,Mitjana d'edat  ,"32,9  ",,,Mitjana d'edat  ,"35,4  ",,,Mitjana d'edat  ,"34,0  ",,,Mitjana d'edat  ,"34,0  ",,,Mitjana d'edat  ,"32,4  ",,,Mitjana d'edat  ,"33,6  ",,,Mitjana d'edat  ,"34,0  ",,,Mitjana d'edat  ,"33,4  ",,
,,,,,,,,,,,,,,,,,,,,,,,,,,,,,,,,,,,,,,,,,,,,,,,,,,,,,,,,,,,,,,,,,,,,,,,,,,,,,,,,,,,,,,,,,,,,,,,,,,,,,,,,,,,,,,,,,,,,,,,,,,,,,,,,,,,,,,,,,,,,,,,,,,,,,,,,,,,,,,,,,,,,,,,,,,,,,,,,,,,,,,,,,,,,,,,,,,,,,,,,,,,,,,,,,,,,,,,,,,,,,,,,,,,,,,,,,,,,,,,,,,,,,,,,,,,,,,,,,,,,,,,,,,,,,,,,,,,,,,,,,,,,,,,,,,,,
Nombre nacionalitats  ,128  ,,,Nombre nacionalitats  ,117  ,,,Nombre nacionalitats  ,110  ,,,Nombre nacionalitats  ,130  ,,,Nombre nacionalitats  ,114  ,,,Nombre nacionalitats  ,123  ,,,Nombre nacionalitats  ,122  ,,,Nombre nacionalitats  ,119  ,,,Nombre nacionalitats  ,129  ,,,Nombre nacionalitats  ,117  ,,,Nombre nacionalitats  ,117  ,,,Nombre nacionalitats  ,30  ,,,Nombre nacionalitats  ,92  ,,,Nombre nacionalitats  ,93  ,,,Nombre nacionalitats  ,100  ,,,Nombre nacionalitats  ,95  ,,,Nombre nacionalitats  ,98  ,,,Nombre nacionalitats  ,120  ,,,Nombre nacionalitats  ,115  ,,,Nombre nacionalitats  ,96  ,,,Nombre nacionalitats  ,97  ,,,Nombre nacionalitats  ,66  ,,,Nombre nacionalitats  ,110  ,,,Nombre nacionalitats  ,87  ,,,Nombre nacionalitats  ,115  ,,,Nombre nacionalitats  ,120  ,,,Nombre nacionalitats  ,105  ,,,Nombre nacionalitats  ,92  ,,,Nombre nacionalitats  ,69  ,,,Nombre nacionalitats  ,100  ,,,Nombre nacionalitats  ,125  ,,,Nombre nacionalitats  ,105  ,,,Nombre nacionalitats  ,99  ,,,Nombre nacionalitats  ,97  ,,,Nombre nacionalitats  ,103  ,,,Nombre nacionalitats  ,68  ,,,Nombre nacionalitats  ,97  ,,,Nombre nacionalitats  ,79  ,,,Nombre nacionalitats  ,83  ,,,Nombre nacionalitats  ,64  ,,,Nombre nacionalitats  ,55  ,,,Nombre nacionalitats  ,25  ,,,Nombre nacionalitats  ,100  ,,,,Nombre nacionalitats  ,83  ,,,Nombre nacionalitats  ,92  ,,,Nombre nacionalitats  ,76  ,,,Nombre nacionalitats  ,41  ,,,Nombre nacionalitats  ,69  ,,,Nombre nacionalitats  ,56  ,,,Nombre nacionalitats  ,80  ,,,Nombre nacionalitats  ,73  ,,,Nombre nacionalitats  ,90  ,,,Nombre nacionalitats  ,65  ,,,Nombre nacionalitats  ,50  ,,,Nombre nacionalitats  ,82  ,,,Nombre nacionalitats  ,35  ,,,Nombre nacionalitats  ,72  ,,,Nombre nacionalitats  ,40  ,,,Nombre nacionalitats  ,72  ,,,Nombre nacionalitats  ,107  ,,,Nombre nacionalitats  ,100  ,,,Nombre nacionalitats  ,87  ,,,Nombre nacionalitats  ,96  ,,,Nombre nacionalitats  ,108  ,,,Nombre nacionalitats  ,104  ,,,Nombre nacionalitats  ,109  ,,,Nombre nacionalitats  ,87  ,,,Nombre nacionalitats  ,110  ,,,Nombre nacionalitats  ,96  ,,,Nombre nacionalitats  ,95  ,,,Nombre nacionalitats  ,94  ,,,Nombre nacionalitats  ,95  ,,,Nombre nacionalitats  ,97  ,,
,,,,,,,,,,,,,,,,,,,,,,,,,,,,,,,,,,,,,,,,,,,,,,,,,,,,,,,,,,,,,,,,,,,,,,,,,,,,,,,,,,,,,,,,,,,,,,,,,,,,,,,,,,,,,,,,,,,,,,,,,,,,,,,,,,,,,,,,,,,,,,,,,,,,,,,,,,,,,,,,,,,,,,,,,,,,,,,,,,,,,,,,,,,,,,,,,,,,,,,,,,,,,,,,,,,,,,,,,,,,,,,,,,,,,,,,,,,,,,,,,,,,,,,,,,,,,,,,,,,,,,,,,,,,,,,,,,,,,,,,,,,,,,,,,,,,
Rànking nacionalitats  ,,,,Rànking nacionalitats  ,,,,Rànking nacionalitats  ,,,,Rànking nacionalitats  ,,,,Rànking nacionalitats  ,,,,Rànking nacionalitats  ,,,,Rànking nacionalitats  ,,,,Rànking nacionalitats  ,,,,Rànking nacionalitats  ,,,,Rànking nacionalitats  ,,,,Rànking nacionalitats  ,,,,Rànking nacionalitats  ,,,,Rànking nacionalitats  ,,,,Rànking nacionalitats  ,,,,Rànking nacionalitats  ,,,,Rànking nacionalitats  ,,,,Rànking nacionalitats  ,,,,Rànking nacionalitats  ,,,,Rànking nacionalitats  ,,,,Rànking nacionalitats  ,,,,Rànking nacionalitats  ,,,,Rànking nacionalitats  ,,,,Rànking nacionalitats  ,,,,Rànking nacionalitats  ,,,,Rànking nacionalitats  ,,,,Rànking nacionalitats  ,,,,Rànking nacionalitats  ,,,,Rànking nacionalitats  ,,,,Rànking nacionalitats  ,,,,Rànking nacionalitats  ,,,,Rànking nacionalitats  ,,,,Rànking nacionalitats  ,,,,Rànking nacionalitats  ,,,,Rànking nacionalitats  ,,,,Rànking nacionalitats  ,,,,Rànking nacionalitats  ,,,,Rànking nacionalitats  ,,,,Rànking nacionalitats  ,,,,Rànking nacionalitats  ,,,,Rànking nacionalitats  ,,,,Rànking nacionalitats  ,,,,Rànking nacionalitats  ,,,,Rànking nacionalitats  ,,,,,Rànking nacionalitats  ,,,,Rànking nacionalitats  ,,,,Rànking nacionalitats  ,,,,Rànking nacionalitats  ,,,,Rànking nacionalitats  ,,,,Rànking nacionalitats  ,,,,Rànking nacionalitats  ,,,,Rànking nacionalitats  ,,,,Rànking nacionalitats  ,,,,Rànking nacionalitats  ,,,,Rànking nacionalitats  ,,,,Rànking nacionalitats  ,,,,Rànking nacionalitats  ,,,,Rànking nacionalitats  ,,,,Rànking nacionalitats  ,,,,Rànking nacionalitats  ,,,,Rànking nacionalitats  ,,,,Rànking nacionalitats  ,,,,Rànking nacionalitats  ,,,,Rànking nacionalitats  ,,,,Rànking nacionalitats  ,,,,Rànking nacionalitats  ,,,,Rànking nacionalitats  ,,,,Rànking nacionalitats  ,,,,Rànking nacionalitats  ,,,,Rànking nacionalitats  ,,,,Rànking nacionalitats  ,,,,Rànking nacionalitats  ,,,,Rànking nacionalitats  ,,,,Rànking nacionalitats  ,,,
Població estrangera  ,23.810  ,"100,0  ",,Població estrangera  ,8.534  ,"100,0  ",,Població estrangera  ,5.357  ,"100,0  ",,Població estrangera  ,9.606  ,"100,0  ",,Població estrangera  ,7.358  ,"100,0  ",,Població estrangera  ,10.539  ,"100,0  ",,Població estrangera  ,9.755  ,"100,0  ",,Població estrangera  ,9.320  ,"100,0  ",,Població estrangera  ,10.848  ,"100,0  ",,Població estrangera  ,8.437  ,"100,0  ",,Població estrangera  ,12.422  ,"100,0  ",,Població estrangera  ,106  ,"100,0  ",,Població estrangera  ,4.655  ,"100,0  ",,Població estrangera  ,1.987  ,"100,0  ",,Població estrangera  ,3.716  ,"100,0  ",,Població estrangera  ,2.528  ,"100,0  ",,Població estrangera  ,4.231  ,"100,0  ",,Població estrangera  ,7.379  ,"100,0  ",,Població estrangera  ,5.372  ,"100,0  ",,Població estrangera  ,2.837  ,"100,0  ",,Població estrangera  ,2.138  ,"100,0  ",,Població estrangera  ,685  ,"100,0  ",,Població estrangera  ,3.346  ,"100,0  ",,Població estrangera  ,1.593  ,"100,0  ",,Població estrangera  ,2.958  ,"100,0  ",,Població estrangera  ,6.027  ,"100,0  ",,Població estrangera  ,3.995  ,"100,0  ",,Població estrangera  ,2.235  ,"100,0  ",,Població estrangera  ,1.107  ,"100,0  ",,Població estrangera  ,1.819  ,"100,0  ",,Població estrangera  ,10.499  ,"100,0  ",,Població estrangera  ,4.983  ,"100,0  ",,Població estrangera  ,3.692  ,"100,0  ",,Població estrangera  ,1.311  ,"100,0  ",,Població estrangera  ,5.431  ,"100,0  ",,Població estrangera  ,625  ,"100,0  ",,Població estrangera  ,4.772  ,"100,0  ",,Població estrangera  ,1.647  ,"100,0  ",,Població estrangera  ,1.053  ,"100,0  ",,Població estrangera  ,644  ,"100,0  ",,Població estrangera  ,533  ,"100,0  ",,Població estrangera  ,82  ,"100,0  ",,Població estrangera  ,3.079  ,"100,0  ",,,Població estrangera  ,3.534  ,"100,0  ",,Població estrangera  ,4.281  ,"100,0  ",,Població estrangera  ,3.403  ,"100,0  ",,Població estrangera  ,205  ,"100,0  ",,Població estrangera  ,1.264  ,"100,0  ",,Població estrangera  ,323  ,"100,0  ",,Població estrangera  ,3.424  ,"100,0  ",,Població estrangera  ,2.454  ,"100,0  ",,Població estrangera  ,4.221  ,"100,0  ",,Població estrangera  ,1.544  ,"100,0  ",,Població estrangera  ,522  ,"100,0  ",,Població estrangera  ,3.193  ,"100,0  ",,Població estrangera  ,186  ,"100,0  ",,Població estrangera  ,2.917  ,"100,0  ",,Població estrangera  ,324  ,"100,0  ",,Població estrangera  ,1.875  ,"100,0  ",,Població estrangera  ,4.589  ,"100,0  ",,Població estrangera  ,3.838  ,"100,0  ",,Població estrangera  ,1.946  ,"100,0  ",,Població estrangera  ,3.278  ,"100,0  ",,Població estrangera  ,6.724  ,"100,0  ",,Població estrangera  ,4.097  ,"100,0  ",,Població estrangera  ,3.424  ,"100,0  ",,Població estrangera  ,1.565  ,"100,0  ",,Població estrangera  ,6.158  ,"100,0  ",,Població estrangera  ,2.634  ,"100,0  ",,Població estrangera  ,6.631  ,"100,0  ",,Població estrangera  ,3.068  ,"100,0  ",,Població estrangera  ,3.298  ,"100,0  ",,Població estrangera  ,3.655  ,"100,0  ",
Pakistan  ,4.501  ,"18,9  ",,Itàlia  ,1.094  ,"12,8  ",,Itàlia  ,1.033  ,"19,3  ",,Itàlia  ,1.529  ,"15,9  ",,Xina  ,1.317  ,"17,9  ",,Itàlia  ,1.328  ,"12,6  ",,Itàlia  ,1.483  ,"15,2  ",,Itàlia  ,1.239  ,"13,3  ",,Itàlia  ,1.376  ,"12,7  ",,Itàlia  ,1.094  ,"13,0  ",,Pakistan  ,1.634  ,"13,2  ",,Xina  ,23  ,"21,7  ",,Xina  ,646  ,"13,9  ",,Itàlia  ,245  ,"12,3  ",,Itàlia  ,399  ,"10,7  ",,Xina  ,253  ,"10,0  ",,Xina  ,379  ,"9,0  ",,Itàlia  ,686  ,"9,3  ",,Itàlia  ,556  ,"10,3  ",,Itàlia  ,278  ,"9,8  ",,França  ,401  ,"18,8  ",,França  ,104  ,"15,2  ",,França  ,649  ,"19,4  ",,Itàlia  ,171  ,"10,7  ",,Itàlia  ,308  ,"10,4  ",,Itàlia  ,818  ,"13,6  ",,Itàlia  ,643  ,"16,1  ",,Itàlia  ,277  ,"12,4  ",,Itàlia  ,122  ,"11,0  ",,Itàlia  ,290  ,"15,9  ",,Itàlia  ,1.794  ,"17,1  ",,Itàlia  ,736  ,"14,8  ",,Itàlia  ,512  ,"13,9  ",,Itàlia  ,141  ,"10,8  ",,Itàlia  ,540  ,"9,9  ",,Itàlia  ,71  ,"11,4  ",,Bolívia  ,406  ,"8,5  ",,Hondures  ,111  ,"6,7  ",,Perú  ,102  ,"9,7  ",,Itàlia  ,56  ,"8,7  ",,Colòmbia  ,48  ,"9,0  ",,Pakistan  ,21  ,"25,6  ",,Hondures  ,230  ,"7,5  ",,,Xina  ,393  ,"11,1  ",,Hondures  ,483  ,"11,3  ",,Bolívia  ,560  ,"16,5  ",,"Marroc, el  ",41  ,"20,0  ",,Hondures  ,101  ,"8,0  ",,Hondures  ,29  ,"9,0  ",,Hondures  ,905  ,"26,4  ",,Hondures  ,580  ,"23,6  ",,Hondures  ,704  ,"16,7  ",,Pakistan  ,195  ,"12,6  ",,"Marroc, el  ",118  ,"22,6  ",,Hondures  ,599  ,"18,8  ",,Pakistan  ,41  ,"22,0  ",,Pakistan  ,788  ,"27,0  ",,"Marroc, el  ",57  ,"17,6  ",,Pakistan  ,224  ,"11,9  ",,Xina  ,430  ,"9,4  ",,Xina  ,509  ,"13,3  ",,Xina  ,203  ,"10,4  ",,Xina  ,494  ,"15,1  ",,Itàlia  ,787  ,"11,7  ",,Xina  ,474  ,"11,6  ",,Itàlia  ,493  ,"14,4  ",,Itàlia  ,293  ,"18,7  ",,Itàlia  ,1.017  ,"16,5  ",,Itàlia  ,346  ,"13,1  ",,Pakistan  ,2.127  ,"32,1  ",,Itàlia  ,355  ,"11,6  ",,Xina  ,636  ,"19,3  ",,Xina  ,702  ,"19,2  ",
Filipines  ,4.018  ,"16,9  ",,Pakistan  ,1.002  ,"11,7  ",,Pakistan  ,424  ,"7,9  ",,França  ,737  ,"7,7  ",,Itàlia  ,1.027  ,"14,0  ",,Xina  ,1.148  ,"10,9  ",,França  ,1.092  ,"11,2  ",,França  ,666  ,"7,1  ",,Xina  ,1.251  ,"11,5  ",,Xina  ,785  ,"9,3  ",,Itàlia  ,1.406  ,"11,3  ",,Paraguai  ,10  ,"9,4  ",,Filipines  ,375  ,"8,1  ",,Xina  ,167  ,"8,4  ",,Pakistan  ,289  ,"7,8  ",,Itàlia  ,221  ,"8,7  ",,Bolívia  ,298  ,"7,0  ",,Xina  ,536  ,"7,3  ",,Xina  ,527  ,"9,8  ",,Xina  ,212  ,"7,5  ",,Itàlia  ,192  ,"9,0  ",,Itàlia  ,99  ,"14,5  ",,Itàlia  ,452  ,"13,5  ",,"Estats Units, els  ",157  ,"9,9  ",,França  ,246  ,"8,3  ",,França  ,562  ,"9,3  ",,França  ,329  ,"8,2  ",,França  ,115  ,"5,1  ",,Hondures  ,74  ,"6,7  ",,"Marroc, el  ",102  ,"5,6  ",,França  ,968  ,"9,2  ",,Xina  ,359  ,"7,2  ",,Xina  ,241  ,"6,5  ",,Xina  ,83  ,"6,3  ",,Colòmbia  ,339  ,"6,2  ",,França  ,36  ,"5,8  ",,Equador  ,346  ,"7,3  ",,Itàlia  ,110  ,"6,7  ",,Hondures  ,69  ,"6,6  ",,Xile  ,53  ,"8,2  ",,Itàlia  ,45  ,"8,4  ",,Geòrgia  ,9  ,"11,0  ",,"Marroc, el  ",213  ,"6,9  ",,,Bolívia  ,282  ,"8,0  ",,Xina  ,292  ,"6,8  ",,Pakistan  ,352  ,"10,3  ",,Equador  ,14  ,"6,8  ",,Xina  ,91  ,"7,2  ",,Itàlia  ,19  ,"5,9  ",,"Marroc, el  ",258  ,"7,5  ",,República Dominicana  ,129  ,"5,3  ",,Xina  ,356  ,"8,4  ",,Hondures  ,179  ,"11,6  ",,Hondures  ,42  ,"8,0  ",,Pakistan  ,458  ,"14,3  ",,"Marroc, el  ",28  ,"15,1  ",,"Marroc, el  ",517  ,"17,7  ",,Algèria  ,35  ,"10,8  ",,"Marroc, el  ",153  ,"8,2  ",,Itàlia  ,381  ,"8,3  ",,Perú  ,294  ,"7,7  ",,Itàlia  ,145  ,"7,5  ",,Itàlia  ,264  ,"8,1  ",,Xina  ,691  ,"10,3  ",,Itàlia  ,451  ,"11,0  ",,Xina  ,353  ,"10,3  ",,França  ,161  ,"10,3  ",,França  ,479  ,"7,8  ",,Rússia  ,340  ,"12,9  ",,"Marroc, el  ",489  ,"7,4  ",,Xina  ,230  ,"7,5  ",,Itàlia  ,232  ,"7,0  ",,Pakistan  ,220  ,"6,0  ",
Bangladesh  ,2.894  ,"12,2  ",,França  ,593  ,"6,9  ",,"Marroc, el  ",325  ,"6,1  ",,"Marroc, el  ",685  ,"7,1  ",,França  ,569  ,"7,7  ",,Veneçuela  ,516  ,"4,9  ",,Xina  ,653  ,"6,7  ",,Xina  ,666  ,"7,1  ",,França  ,525  ,"4,8  ",,Filipines  ,701  ,"8,3  ",,Filipines  ,1.072  ,"8,6  ",,Perú  ,8  ,"7,5  ",,"Marroc, el  ",321  ,"6,9  ",,Pakistan  ,110  ,"5,5  ",,Xina  ,285  ,"7,7  ",,"Marroc, el  ",177  ,"7,0  ",,Itàlia  ,264  ,"6,2  ",,Pakistan  ,456  ,"6,2  ",,França  ,281  ,"5,2  ",,Colòmbia  ,158  ,"5,6  ",,Rússia  ,172  ,"8,0  ",,Regne Unit  ,65  ,"9,5  ",,"Estats Units, els  ",150  ,"4,5  ",,França  ,156  ,"9,8  ",,Xina  ,205  ,"6,9  ",,"Estats Units, els  ",381  ,"6,3  ",,Veneçuela  ,197  ,"4,9  ",,Alemanya  ,99  ,"4,4  ",,"Marroc, el  ",60  ,"5,4  ",,França  ,101  ,"5,6  ",,Regne Unit  ,512  ,"4,9  ",,França  ,336  ,"6,7  ",,Colòmbia  ,183  ,"5,0  ",,França  ,70  ,"5,3  ",,Xina  ,281  ,"5,2  ",,Hondures  ,36  ,"5,8  ",,Hondures  ,331  ,"6,9  ",,Pakistan  ,107  ,"6,5  ",,Veneçuela  ,68  ,"6,5  ",,Colòmbia  ,36  ,"5,6  ",,Rússia  ,38  ,"7,1  ",,Bangladesh  ,8  ,"9,8  ",,Itàlia  ,209  ,"6,8  ",,,Hondures  ,218  ,"6,2  ",,"Marroc, el  ",287  ,"6,7  ",,República Dominicana  ,342  ,"10,0  ",,República Dominicana  ,10  ,"4,9  ",,Romania  ,81  ,"6,4  ",,Paraguai  ,19  ,"5,9  ",,Pakistan  ,251  ,"7,3  ",,Equador  ,127  ,"5,2  ",,Equador  ,279  ,"6,6  ",,"Marroc, el  ",122  ,"7,9  ",,Bolívia  ,34  ,"6,5  ",,"Marroc, el  ",385  ,"12,1  ",,Xina  ,12  ,"6,5  ",,Equador  ,147  ,"5,0  ",,Perú  ,23  ,"7,1  ",,Hondures  ,139  ,"7,4  ",,Colòmbia  ,246  ,"5,4  ",,Itàlia  ,266  ,"6,9  ",,Bolívia  ,121  ,"6,2  ",,Perú  ,256  ,"7,8  ",,Perú  ,354  ,"5,3  ",,"Marroc, el  ",290  ,"7,1  ",,"Marroc, el  ",197  ,"5,8  ",,Alemanya  ,101  ,"6,5  ",,Xina  ,395  ,"6,4  ",,França  ,186  ,"7,1  ",,Xina  ,373  ,"5,6  ",,"Marroc, el  ",201  ,"6,6  ",,Perú  ,153  ,"4,6  ",,Itàlia  ,190  ,"5,2  ",
Itàlia  ,1.698  ,"7,1  ",,"Marroc, el  ",391  ,"4,6  ",,França  ,296  ,"5,5  ",,Regne Unit  ,546  ,"5,7  ",,Veneçuela  ,232  ,"3,2  ",,França  ,493  ,"4,7  ",,Regne Unit  ,456  ,"4,7  ",,Colòmbia  ,401  ,"4,3  ",,Colòmbia  ,453  ,"4,2  ",,França  ,479  ,"5,7  ",,Índia  ,836  ,"6,7  ",,"Marroc, el  ",6  ,"5,7  ",,Pakistan  ,291  ,"6,3  ",,Colòmbia  ,97  ,"4,9  ",,"Marroc, el  ",211  ,"5,7  ",,Índia  ,137  ,"5,4  ",,Pakistan  ,228  ,"5,4  ",,Bolívia  ,398  ,"5,4  ",,Veneçuela  ,215  ,"4,0  ",,França  ,142  ,"5,0  ",,Alemanya  ,77  ,"3,6  ",,Alemanya  ,52  ,"7,6  ",,Japó  ,139  ,"4,2  ",,Alemanya  ,82  ,"5,1  ",,Rússia  ,150  ,"5,1  ",,Alemanya  ,291  ,"4,8  ",,Xina  ,167  ,"4,2  ",,Veneçuela  ,96  ,"4,3  ",,França  ,58  ,"5,2  ",,Xina  ,95  ,"5,2  ",,Alemanya  ,461  ,"4,4  ",,Colòmbia  ,171  ,"3,4  ",,Perú  ,172  ,"4,7  ",,Colòmbia  ,59  ,"4,5  ",,Hondures  ,271  ,"5,0  ",,Romania  ,30  ,"4,8  ",,Pakistan  ,290  ,"6,1  ",,Bolívia  ,93  ,"5,6  ",,Itàlia  ,57  ,"5,4  ",,Hondures  ,36  ,"5,6  ",,Veneçuela  ,35  ,"6,6  ",,Itàlia  ,7  ,"8,5  ",,Romania  ,180  ,"5,8  ",,,Itàlia  ,208  ,"5,9  ",,Bolívia  ,246  ,"5,7  ",,"Marroc, el  ",197  ,"5,8  ",,Colòmbia  ,9  ,"4,4  ",,Itàlia  ,68  ,"5,4  ",,Perú  ,18  ,"5,6  ",,Equador  ,245  ,"7,2  ",,Xina  ,127  ,"5,2  ",,Bolívia  ,233  ,"5,5  ",,Armènia  ,121  ,"7,8  ",,Equador  ,25  ,"4,8  ",,Equador  ,253  ,"7,9  ",,Colòmbia  ,9  ,"4,8  ",,Hondures  ,116  ,"4,0  ",,Xina  ,20  ,"6,2  ",,Bolívia  ,134  ,"7,1  ",,"Marroc, el  ",246  ,"5,4  ",,Colòmbia  ,207  ,"5,4  ",,Colòmbia  ,113  ,"5,8  ",,Bolívia  ,184  ,"5,6  ",,Bolívia  ,315  ,"4,7  ",,Colòmbia  ,164  ,"4,0  ",,França  ,192  ,"5,6  ",,Rússia  ,70  ,"4,5  ",,Pakistan  ,359  ,"5,8  ",,Xina  ,155  ,"5,9  ",,Rússia  ,300  ,"4,5  ",,Pakistan  ,152  ,"5,0  ",,Romania  ,150  ,"4,5  ",,Equador  ,157  ,"4,3  ",
"Marroc, el  ",1.312  ,"5,5  ",,Regne Unit  ,380  ,"4,5  ",,Regne Unit  ,202  ,"3,8  ",,Alemanya  ,380  ,"4,0  ",,Alemanya  ,211  ,"2,9  ",,Colòmbia  ,468  ,"4,4  ",,Alemanya  ,437  ,"4,5  ",,Veneçuela  ,378  ,"4,1  ",,Perú  ,448  ,"4,1  ",,Pakistan  ,447  ,"5,3  ",,"Marroc, el  ",696  ,"5,6  ",,Rússia  ,6  ,"5,7  ",,Perú  ,252  ,"5,4  ",,França  ,86  ,"4,3  ",,França  ,164  ,"4,4  ",,Colòmbia  ,122  ,"4,8  ",,Colòmbia  ,209  ,"4,9  ",,França  ,363  ,"4,9  ",,Colòmbia  ,214  ,"4,0  ",,Veneçuela  ,131  ,"4,6  ",,Regne Unit  ,72  ,"3,4  ",,Països Baixos  ,32  ,"4,7  ",,Alemanya  ,136  ,"4,1  ",,Japó  ,81  ,"5,1  ",,Alemanya  ,110  ,"3,7  ",,Regne Unit  ,235  ,"3,9  ",,Alemanya  ,150  ,"3,8  ",,Regne Unit  ,93  ,"4,2  ",,Pakistan  ,53  ,"4,8  ",,Alemanya  ,76  ,"4,2  ",,"Estats Units, els  ",411  ,"3,9  ",,Regne Unit  ,163  ,"3,3  ",,Veneçuela  ,172  ,"4,7  ",,Pakistan  ,55  ,"4,2  ",,Perú  ,258  ,"4,8  ",,Bolívia  ,28  ,"4,5  ",,Itàlia  ,284  ,"6,0  ",,"Marroc, el  ",84  ,"5,1  ",,"Marroc, el  ",50  ,"4,7  ",,Perú  ,35  ,"5,4  ",,Xile  ,28  ,"5,3  ",,Colòmbia  ,6  ,"7,3  ",,República Dominicana  ,170  ,"5,5  ",,,Equador  ,202  ,"5,7  ",,Armènia  ,227  ,"5,3  ",,Equador  ,179  ,"5,3  ",,Itàlia  ,9  ,"4,4  ",,Ucraïna  ,66  ,"5,2  ",,Ucraïna  ,17  ,"5,3  ",,Romania  ,179  ,"5,2  ",,"Marroc, el  ",124  ,"5,1  ",,Armènia  ,226  ,"5,4  ",,Equador  ,92  ,"6,0  ",,Colòmbia  ,19  ,"3,6  ",,República Dominicana  ,219  ,"6,9  ",,Equador  ,9  ,"4,8  ",,Romania  ,111  ,"3,8  ",,Pakistan  ,18  ,"5,6  ",,Xina  ,114  ,"6,1  ",,Perú  ,239  ,"5,2  ",,Hondures  ,188  ,"4,9  ",,Hondures  ,91  ,"4,7  ",,República Dominicana  ,126  ,"3,8  ",,França  ,293  ,"4,4  ",,França  ,160  ,"3,9  ",,Regne Unit  ,125  ,"3,7  ",,Argentina  ,65  ,"4,2  ",,Regne Unit  ,320  ,"5,2  ",,Alemanya  ,98  ,"3,7  ",,Romania  ,292  ,"4,4  ",,Rússia  ,142  ,"4,6  ",,Colòmbia  ,133  ,"4,0  ",,Perú  ,151  ,"4,1  ",
Índia  ,1.002  ,"4,2  ",,Bangladesh  ,354  ,"4,1  ",,Alemanya  ,189  ,"3,5  ",,Pakistan  ,375  ,"3,9  ",,Colòmbia  ,210  ,"2,9  ",,Perú  ,410  ,"3,9  ",,"Estats Units, els  ",401  ,"4,1  ",,Alemanya  ,364  ,"3,9  ",,Brasil  ,441  ,"4,1  ",,Colòmbia  ,282  ,"3,3  ",,França  ,618  ,"5,0  ",,Veneçuela  ,6  ,"5,7  ",,Hondures  ,242  ,"5,2  ",,Brasil  ,75  ,"3,8  ",,Índia  ,145  ,"3,9  ",,Pakistan  ,122  ,"4,8  ",,Perú  ,205  ,"4,8  ",,"Marroc, el  ",327  ,"4,4  ",,Perú  ,182  ,"3,4  ",,Perú  ,123  ,"4,3  ",,Xina  ,71  ,"3,3  ",,Rússia  ,32  ,"4,7  ",,Regne Unit  ,131  ,"3,9  ",,Regne Unit  ,64  ,"4,0  ",,"Estats Units, els  ",90  ,"3,0  ",,Xina  ,224  ,"3,7  ",,Regne Unit  ,145  ,"3,6  ",,Pakistan  ,89  ,"4,0  ",,Veneçuela  ,53  ,"4,8  ",,Colòmbia  ,60  ,"3,3  ",,Xina  ,395  ,"3,8  ",,Veneçuela  ,163  ,"3,3  ",,França  ,171  ,"4,6  ",,Hondures  ,48  ,"3,7  ",,França  ,233  ,"4,3  ",,Equador  ,27  ,"4,3  ",,"Marroc, el  ",264  ,"5,5  ",,Perú  ,74  ,"4,5  ",,Colòmbia  ,42  ,"4,0  ",,Rússia  ,34  ,"5,3  ",,Romania  ,27  ,"5,1  ",,Argentina  ,4  ,"4,9  ",,Xina  ,153  ,"5,0  ",,,Colòmbia  ,190  ,"5,4  ",,Colòmbia  ,225  ,"5,3  ",,Geòrgia  ,161  ,"4,7  ",,Hondures  ,8  ,"3,9  ",,Colòmbia  ,64  ,"5,1  ",,Geòrgia  ,16  ,"5,0  ",,Xina  ,124  ,"3,6  ",,Bolívia  ,122  ,"5,0  ",,Pakistan  ,206  ,"4,9  ",,Bolívia  ,58  ,"3,8  ",,Nigèria  ,17  ,"3,3  ",,Nigèria  ,178  ,"5,6  ",,Hondures  ,9  ,"4,8  ",,Perú  ,89  ,"3,1  ",,Romania  ,17  ,"5,2  ",,Equador  ,95  ,"5,1  ",,Pakistan  ,223  ,"4,9  ",,Equador  ,187  ,"4,9  ",,Perú  ,90  ,"4,6  ",,Romania  ,125  ,"3,8  ",,Colòmbia  ,288  ,"4,3  ",,Perú  ,148  ,"3,6  ",,Pakistan  ,110  ,"3,2  ",,Regne Unit  ,62  ,"4,0  ",,Alemanya  ,293  ,"4,8  ",,Brasil  ,90  ,"3,4  ",,Ucraïna  ,258  ,"3,9  ",,Romania  ,107  ,"3,5  ",,República Dominicana  ,133  ,"4,0  ",,Romania  ,147  ,"4,0  ",
França  ,801  ,"3,4  ",,Índia  ,332  ,"3,9  ",,Brasil  ,170  ,"3,2  ",,Xina  ,341  ,"3,5  ",,Argentina  ,207  ,"2,8  ",,Bolívia  ,313  ,"3,0  ",,Colòmbia  ,312  ,"3,2  ",,Brasil  ,364  ,"3,9  ",,Veneçuela  ,379  ,"3,5  ",,Regne Unit  ,277  ,"3,3  ",,Xina  ,472  ,"3,8  ",,Colòmbia  ,4  ,"3,8  ",,Itàlia  ,219  ,"4,7  ",,Romania  ,69  ,"3,5  ",,Bolívia  ,137  ,"3,7  ",,Bolívia  ,106  ,"4,2  ",,Equador  ,194  ,"4,6  ",,Perú  ,294  ,"4,0  ",,Rússia  ,168  ,"3,1  ",,Equador  ,111  ,"3,9  ",,Japó  ,60  ,"2,8  ",,"Estats Units, els  ",20  ,"2,9  ",,Rússia  ,117  ,"3,5  ",,Rússia  ,53  ,"3,3  ",,Colòmbia  ,89  ,"3,0  ",,Rússia  ,215  ,"3,6  ",,Colòmbia  ,138  ,"3,5  ",,Xina  ,88  ,"3,9  ",,Romania  ,52  ,"4,7  ",,Veneçuela  ,59  ,"3,2  ",,Colòmbia  ,316  ,"3,0  ",,Argentina  ,139  ,"2,8  ",,Bolívia  ,122  ,"3,3  ",,Veneçuela  ,47  ,"3,6  ",,"Marroc, el  ",221  ,"4,1  ",,Alemanya  ,24  ,"3,8  ",,Perú  ,219  ,"4,6  ",,Veneçuela  ,69  ,"4,2  ",,Bolívia  ,39  ,"3,7  ",,Xina  ,29  ,"4,5  ",,Perú  ,23  ,"4,3  ",,"Marroc, el  ",3  ,"3,7  ",,Perú  ,150  ,"4,9  ",,,Perú  ,189  ,"5,3  ",,Perú  ,215  ,"5,0  ",,Colòmbia  ,157  ,"4,6  ",,Índia  ,8  ,"3,9  ",,Perú  ,64  ,"5,1  ",,Romania  ,15  ,"4,6  ",,Ucraïna  ,113  ,"3,3  ",,Pakistan  ,109  ,"4,4  ",,Perú  ,170  ,"4,0  ",,Perú  ,57  ,"3,7  ",,Pakistan  ,17  ,"3,3  ",,Ghana  ,92  ,"2,9  ",,Ucraïna  ,8  ,"4,3  ",,Índia  ,85  ,"2,9  ",,Geòrgia  ,14  ,"4,3  ",,Colòmbia  ,80  ,"4,3  ",,Hondures  ,197  ,"4,3  ",,Bolívia  ,178  ,"4,6  ",,"Marroc, el  ",87  ,"4,5  ",,Colòmbia  ,114  ,"3,5  ",,"Marroc, el  ",287  ,"4,3  ",,Pakistan  ,143  ,"3,5  ",,Alemanya  ,105  ,"3,1  ",,Brasil  ,48  ,"3,1  ",,Rússia  ,215  ,"3,5  ",,Regne Unit  ,86  ,"3,3  ",,Senegal  ,249  ,"3,8  ",,França  ,103  ,"3,4  ",,Bolívia  ,115  ,"3,5  ",,Hondures  ,137  ,"3,7  ",
Regne Unit  ,511  ,"2,1  ",,Filipines  ,300  ,"3,5  ",,Argentina  ,150  ,"2,8  ",,"Estats Units, els  ",301  ,"3,1  ",,Regne Unit  ,203  ,"2,8  ",,Argentina  ,302  ,"2,9  ",,Mèxic  ,283  ,"2,9  ",,Regne Unit  ,344  ,"3,7  ",,Filipines  ,345  ,"3,2  ",,Alemanya  ,248  ,"2,9  ",,República Dominicana  ,433  ,"3,5  ",,Geòrgia  ,4  ,"3,8  ",,Equador  ,216  ,"4,6  ",,Índia  ,66  ,"3,3  ",,Perú  ,137  ,"3,7  ",,Perú  ,99  ,"3,9  ",,República Dominicana  ,184  ,"4,3  ",,Romania  ,266  ,"3,6  ",,Brasil  ,164  ,"3,1  ",,Mèxic  ,98  ,"3,5  ",,Colòmbia  ,51  ,"2,4  ",,Argentina  ,16  ,"2,3  ",,Xina  ,98  ,"2,9  ",,Filipines  ,43  ,"2,7  ",,Regne Unit  ,86  ,"2,9  ",,Veneçuela  ,180  ,"3,0  ",,Portugal  ,126  ,"3,2  ",,Rússia  ,80  ,"3,6  ",,Regne Unit  ,42  ,"3,8  ",,Regne Unit  ,58  ,"3,2  ",,Argentina  ,266  ,"2,5  ",,Perú  ,132  ,"2,6  ",,Pakistan  ,116  ,"3,1  ",,Equador  ,44  ,"3,4  ",,Equador  ,213  ,"3,9  ",,Colòmbia  ,22  ,"3,5  ",,Veneçuela  ,177  ,"3,7  ",,Colòmbia  ,68  ,"4,1  ",,Ucraïna  ,38  ,"3,6  ",,"Marroc, el  ",24  ,"3,7  ",,Ucraïna  ,21  ,"3,9  ",,Uruguai  ,3  ,"3,7  ",,Colòmbia  ,131  ,"4,3  ",,,República Dominicana  ,172  ,"4,9  ",,Equador  ,208  ,"4,9  ",,Hondures  ,149  ,"4,4  ",,Perú  ,8  ,"3,9  ",,Equador  ,57  ,"4,5  ",,Brasil  ,12  ,"3,7  ",,Perú  ,99  ,"2,9  ",,Armènia  ,93  ,"3,8  ",,"Marroc, el  ",168  ,"4,0  ",,Ucraïna  ,57  ,"3,7  ",,Veneçuela  ,17  ,"3,3  ",,Perú  ,82  ,"2,6  ",,Bolívia  ,7  ,"3,8  ",,República Dominicana  ,80  ,"2,7  ",,Hondures  ,14  ,"4,3  ",,Perú  ,80  ,"4,3  ",,Bolívia  ,175  ,"3,8  ",,República Dominicana  ,158  ,"4,1  ",,Rússia  ,79  ,"4,1  ",,"Marroc, el  ",109  ,"3,3  ",,Veneçuela  ,285  ,"4,2  ",,Veneçuela  ,135  ,"3,3  ",,Rússia  ,104  ,"3,0  ",,Portugal  ,45  ,"2,9  ",,Argentina  ,172  ,"2,8  ",,Ucraïna  ,80  ,"3,0  ",,Hondures  ,220  ,"3,3  ",,Ucraïna  ,90  ,"2,9  ",,Equador  ,114  ,"3,5  ",,Ucraïna  ,133  ,"3,6  ",
Alemanya  ,370  ,"1,6  ",,Alemanya  ,276  ,"3,2  ",,Colòmbia  ,134  ,"2,5  ",,Filipines  ,283  ,"2,9  ",,Brasil  ,195  ,"2,7  ",,Brasil  ,289  ,"2,7  ",,Rússia  ,283  ,"2,9  ",,Filipines  ,316  ,"3,4  ",,Argentina  ,343  ,"3,2  ",,Veneçuela  ,232  ,"2,7  ",,Regne Unit  ,367  ,"3,0  ",,Hondures  ,4  ,"3,8  ",,Colòmbia  ,215  ,"4,6  ",,"Marroc, el  ",64  ,"3,2  ",,Colòmbia  ,134  ,"3,6  ",,França  ,98  ,"3,9  ",,"Marroc, el  ",168  ,"4,0  ",,Equador  ,261  ,"3,5  ",,Alemanya  ,156  ,"2,9  ",,Paraguai  ,95  ,"3,3  ",,"Estats Units, els  ",49  ,"2,3  ",,Bèlgica  ,15  ,"2,2  ",,"Marroc, el  ",76  ,"2,3  ",,Mèxic  ,42  ,"2,6  ",,Perú  ,83  ,"2,8  ",,Colòmbia  ,176  ,"2,9  ",,Rússia  ,122  ,"3,1  ",,Argentina  ,77  ,"3,4  ",,Rússia  ,42  ,"3,8  ",,Rússia  ,51  ,"2,8  ",,Brasil  ,266  ,"2,5  ",,Mèxic  ,130  ,"2,6  ",,"Marroc, el  ",108  ,"2,9  ",,Argentina  ,42  ,"3,2  ",,Bolívia  ,208  ,"3,8  ",,Argentina  ,20  ,"3,2  ",,Colòmbia  ,175  ,"3,7  ",,Equador  ,65  ,"3,9  ",,Xina  ,36  ,"3,4  ",,Argentina  ,23  ,"3,6  ",,Xina  ,21  ,"3,9  ",,Equador  ,2  ,"2,4  ",,Bolívia  ,124  ,"4,0  ",,,Pakistan  ,149  ,"4,2  ",,Pakistan  ,190  ,"4,4  ",,Xina  ,146  ,"4,3  ",,Bolívia  ,7  ,"3,4  ",,Bolívia  ,54  ,"4,3  ",,Equador  ,12  ,"3,7  ",,Bolívia  ,98  ,"2,9  ",,Itàlia  ,90  ,"3,7  ",,Colòmbia  ,162  ,"3,8  ",,Índia  ,56  ,"3,6  ",,Paraguai  ,16  ,"3,1  ",,Romania  ,77  ,"2,4  ",,Perú  ,7  ,"3,8  ",,Colòmbia  ,66  ,"2,3  ",,Rússia  ,14  ,"4,3  ",,Romania  ,73  ,"3,9  ",,Veneçuela  ,174  ,"3,8  ",,"Marroc, el  ",132  ,"3,4  ",,Romania  ,77  ,"4,0  ",,Equador  ,99  ,"3,0  ",,Pakistan  ,230  ,"3,4  ",,Romania  ,125  ,"3,1  ",,Romania  ,94  ,"2,7  ",,"Estats Units, els  ",44  ,"2,8  ",,Brasil  ,168  ,"2,7  ",,"Marroc, el  ",79  ,"3,0  ",,Itàlia  ,170  ,"2,6  ",,Colòmbia  ,86  ,"2,8  ",,Pakistan  ,114  ,"3,5  ",,"Marroc, el  ",129  ,"3,5  ",
Xina  ,331  ,"1,4  ",,Argentina  ,222  ,"2,6  ",,Veneçuela  ,127  ,"2,4  ",,Argentina  ,250  ,"2,6  ",,Perú  ,176  ,"2,4  ",,"Marroc, el  ",283  ,"2,7  ",,Brasil  ,269  ,"2,8  ",,"Estats Units, els  ",291  ,"3,1  ",,Equador  ,275  ,"2,5  ",,Brasil  ,214  ,"2,5  ",,Colòmbia  ,314  ,"2,5  ",,Itàlia  ,4  ,"3,8  ",,Romania  ,180  ,"3,9  ",,Perú  ,61  ,"3,1  ",,Equador  ,112  ,"3,0  ",,Veneçuela  ,85  ,"3,4  ",,Romania  ,164  ,"3,9  ",,Colòmbia  ,258  ,"3,5  ",,Equador  ,142  ,"2,6  ",,"Marroc, el  ",89  ,"3,1  ",,Mèxic  ,48  ,"2,2  ",,Romania  ,12  ,"1,8  ",,Colòmbia  ,73  ,"2,2  ",,Suïssa  ,37  ,"2,3  ",,Veneçuela  ,79  ,"2,7  ",,Mèxic  ,146  ,"2,4  ",,Brasil  ,114  ,"2,9  ",,Perú  ,70  ,"3,1  ",,Argentina  ,40  ,"3,6  ",,Perú  ,49  ,"2,7  ",,Índia  ,262  ,"2,5  ",,Alemanya  ,129  ,"2,6  ",,Argentina  ,107  ,"2,9  ",,Perú  ,42  ,"3,2  ",,Romania  ,193  ,"3,6  ",,Regne Unit  ,19  ,"3,0  ",,Xina  ,175  ,"3,7  ",,Índia  ,65  ,"3,9  ",,Rússia  ,35  ,"3,3  ",,Ucraïna  ,22  ,"3,4  ",,Hondures  ,19  ,"3,6  ",,Hondures  ,2  ,"2,4  ",,Pakistan  ,113  ,"3,7  ",,,"Marroc, el  ",114  ,"3,2  ",,Geòrgia  ,167  ,"3,9  ",,Perú  ,138  ,"4,1  ",,Rússia  ,7  ,"3,4  ",,"Marroc, el  ",48  ,"3,8  ",,Rússia  ,12  ,"3,7  ",,Colòmbia  ,92  ,"2,7  ",,Perú  ,90  ,"3,7  ",,República Dominicana  ,142  ,"3,4  ",,República Dominicana  ,54  ,"3,5  ",,Perú  ,16  ,"3,1  ",,Colòmbia  ,76  ,"2,4  ",,Polònia  ,5  ,"2,7  ",,Ghana  ,66  ,"2,3  ",,Colòmbia  ,12  ,"3,7  ",,Armènia  ,71  ,"3,8  ",,Equador  ,165  ,"3,6  ",,Romania  ,128  ,"3,3  ",,Equador  ,75  ,"3,9  ",,Hondures  ,91  ,"2,8  ",,Equador  ,205  ,"3,0  ",,Hondures  ,124  ,"3,0  ",,Brasil  ,87  ,"2,5  ",,Xina  ,42  ,"2,7  ",,"Marroc, el  ",166  ,"2,7  ",,Veneçuela  ,76  ,"2,9  ",,Índia  ,166  ,"2,5  ",,Veneçuela  ,86  ,"2,8  ",,Ucraïna  ,107  ,"3,2  ",,Colòmbia  ,120  ,"3,3  ",
Bolívia  ,317  ,"1,3  ",,"Estats Units, els  ",207  ,"2,4  ",,Portugal  ,116  ,"2,2  ",,Colòmbia  ,230  ,"2,4  ",,Pakistan  ,161  ,"2,2  ",,Equador  ,266  ,"2,5  ",,Veneçuela  ,251  ,"2,6  ",,Argentina  ,281  ,"3,0  ",,Alemanya  ,270  ,"2,5  ",,Bangladesh  ,200  ,"2,4  ",,Alemanya  ,260  ,"2,1  ",,Síria  ,4  ,"3,8  ",,Índia  ,109  ,"2,3  ",,Rússia  ,58  ,"2,9  ",,Filipines  ,104  ,"2,8  ",,Equador  ,80  ,"3,2  ",,Hondures  ,141  ,"3,3  ",,Índia  ,242  ,"3,3  ",,Japó  ,137  ,"2,6  ",,Brasil  ,79  ,"2,8  ",,Brasil  ,45  ,"2,1  ",,Portugal  ,11  ,"1,6  ",,Ucraïna  ,65  ,"1,9  ",,Xina  ,35  ,"2,2  ",,Bolívia  ,77  ,"2,6  ",,Filipines  ,132  ,"2,2  ",,Argentina  ,104  ,"2,6  ",,Colòmbia  ,67  ,"3,0  ",,Bolívia  ,40  ,"3,6  ",,Pakistan  ,46  ,"2,5  ",,Perú  ,257  ,"2,4  ",,Romania  ,121  ,"2,4  ",,Paraguai  ,105  ,"2,8  ",,Alemanya  ,39  ,"3,0  ",,Veneçuela  ,193  ,"3,6  ",,Rússia  ,19  ,"3,0  ",,Romania  ,171  ,"3,6  ",,Ucraïna  ,52  ,"3,2  ",,Equador  ,30  ,"2,8  ",,Pakistan  ,21  ,"3,3  ",,França  ,18  ,"3,4  ",,Rússia  ,2  ,"2,4  ",,Equador  ,99  ,"3,2  ",,,Geòrgia  ,112  ,"3,2  ",,República Dominicana  ,163  ,"3,8  ",,Paraguai  ,87  ,"2,6  ",,Xile  ,7  ,"3,4  ",,Armènia  ,46  ,"3,6  ",,El Salvador  ,10  ,"3,1  ",,República Dominicana  ,89  ,"2,6  ",,Ucraïna  ,69  ,"2,8  ",,Romania  ,125  ,"3,0  ",,Colòmbia  ,50  ,"3,2  ",,Portugal  ,15  ,"2,9  ",,Xina  ,69  ,"2,2  ",,Portugal  ,5  ,"2,7  ",,Bolívia  ,60  ,"2,1  ",,Equador  ,11  ,"3,4  ",,Índia  ,66  ,"3,5  ",,Romania  ,129  ,"2,8  ",,Rússia  ,111  ,"2,9  ",,Geòrgia  ,73  ,"3,8  ",,Veneçuela  ,87  ,"2,7  ",,Argentina  ,194  ,"2,9  ",,Portugal  ,123  ,"3,0  ",,"Estats Units, els  ",85  ,"2,5  ",,Polònia  ,36  ,"2,3  ",,Veneçuela  ,141  ,"2,3  ",,Romania  ,62  ,"2,4  ",,Equador  ,152  ,"2,3  ",,Argentina  ,84  ,"2,7  ",,"Marroc, el  ",106  ,"3,2  ",,Bolívia  ,118  ,"3,2  ",
Romania  ,313  ,"1,3  ",,Països Baixos  ,167  ,"2,0  ",,Rússia  ,114  ,"2,1  ",,Països Baixos  ,212  ,"2,2  ",,"Marroc, el  ",160  ,"2,2  ",,Regne Unit  ,245  ,"2,3  ",,Argentina  ,237  ,"2,4  ",,Perú  ,274  ,"2,9  ",,Regne Unit  ,253  ,"2,3  ",,Argentina  ,188  ,"2,2  ",,Bangladesh  ,250  ,"2,0  ",,Bolívia  ,3  ,"2,8  ",,República Dominicana  ,108  ,"2,3  ",,Bolívia  ,49  ,"2,5  ",,Romania  ,96  ,"2,6  ",,Romania  ,73  ,"2,9  ",,França  ,131  ,"3,1  ",,Veneçuela  ,211  ,"2,9  ",,Portugal  ,134  ,"2,5  ",,Argentina  ,78  ,"2,7  ",,Bolívia  ,42  ,"2,0  ",,Colòmbia  ,10  ,"1,5  ",,Portugal  ,55  ,"1,6  ",,Colòmbia  ,32  ,"2,0  ",,"Marroc, el  ",75  ,"2,5  ",,Brasil  ,123  ,"2,0  ",,"Estats Units, els  ",101  ,"2,5  ",,Romania  ,61  ,"2,7  ",,Paraguai  ,36  ,"3,3  ",,Romania  ,46  ,"2,5  ",,Veneçuela  ,249  ,"2,4  ",,Brasil  ,119  ,"2,4  ",,Brasil  ,103  ,"2,8  ",,Xile  ,36  ,"2,7  ",,Paraguai  ,180  ,"3,3  ",,Veneçuela  ,19  ,"3,0  ",,Paraguai  ,152  ,"3,2  ",,Romania  ,51  ,"3,1  ",,Pakistan  ,29  ,"2,8  ",,Paraguai  ,20  ,"3,1  ",,Alemanya  ,17  ,"3,2  ",,Veneçuela  ,2  ,"2,4  ",,Filipines  ,92  ,"3,0  ",,,Armènia  ,108  ,"3,1  ",,Itàlia  ,156  ,"3,6  ",,Armènia  ,85  ,"2,5  ",,Romania  ,6  ,"2,9  ",,Paraguai  ,45  ,"3,6  ",,"Marroc, el  ",10  ,"3,1  ",,Índia  ,83  ,"2,4  ",,Colòmbia  ,67  ,"2,7  ",,Brasil  ,113  ,"2,7  ",,Romania  ,45  ,"2,9  ",,Romania  ,15  ,"2,9  ",,Rússia  ,68  ,"2,1  ",,Cuba  ,4  ,"2,2  ",,Xina  ,58  ,"2,0  ",,Argentina  ,10  ,"3,1  ",,Itàlia  ,55  ,"2,9  ",,República Dominicana  ,117  ,"2,5  ",,Veneçuela  ,105  ,"2,7  ",,Veneçuela  ,69  ,"3,5  ",,Ucraïna  ,86  ,"2,6  ",,República Dominicana  ,182  ,"2,7  ",,Brasil  ,116  ,"2,8  ",,Colòmbia  ,78  ,"2,3  ",,Països Baixos  ,34  ,"2,2  ",,Colòmbia  ,128  ,"2,1  ",,Argentina  ,59  ,"2,2  ",,Bolívia  ,136  ,"2,1  ",,Perú  ,74  ,"2,4  ",,Hondures  ,105  ,"3,2  ",,República Dominicana  ,111  ,"3,0  ",
Colòmbia  ,281  ,"1,2  ",,Colòmbia  ,159  ,"1,9  ",,"Estats Units, els  ",101  ,"1,9  ",,Brasil  ,189  ,"2,0  ",,Mèxic  ,155  ,"2,1  ",,Mèxic  ,239  ,"2,3  ",,Països Baixos  ,210  ,"2,2  ",,Mèxic  ,262  ,"2,8  ",,Rússia  ,248  ,"2,3  ",,"Marroc, el  ",175  ,"2,1  ",,Brasil  ,224  ,"1,8  ",,República Dominicana  ,3  ,"2,8  ",,Bolívia  ,97  ,"2,1  ",,Equador  ,47  ,"2,4  ",,Rússia  ,95  ,"2,6  ",,República Dominicana  ,69  ,"2,7  ",,Veneçuela  ,119  ,"2,8  ",,Hondures  ,190  ,"2,6  ",,Romania  ,125  ,"2,3  ",,Bolívia  ,75  ,"2,6  ",,Corea del Sud  ,42  ,"2,0  ",,"Marroc, el  ",10  ,"1,5  ",,Mèxic  ,51  ,"1,5  ",,Portugal  ,32  ,"2,0  ",,Argentina  ,74  ,"2,5  ",,Bolívia  ,121  ,"2,0  ",,Perú  ,98  ,"2,5  ",,"Estats Units, els  ",55  ,"2,5  ",,Colòmbia  ,33  ,"3,0  ",,Argentina  ,45  ,"2,5  ",,"Marroc, el  ",247  ,"2,4  ",,Nepal  ,119  ,"2,4  ",,Romania  ,101  ,"2,7  ",,Romania  ,35  ,"2,7  ",,Argentina  ,161  ,"3,0  ",,Paraguai  ,17  ,"2,7  ",,Rússia  ,150  ,"3,1  ",,Xile  ,47  ,"2,9  ",,Paraguai  ,28  ,"2,7  ",,Veneçuela  ,20  ,"3,1  ",,Mèxic  ,15  ,"2,8  ",,Alemanya  ,1  ,"1,2  ",,Ucraïna  ,92  ,"3,0  ",,,Ucraïna  ,99  ,"2,8  ",,Romania  ,122  ,"2,8  ",,Romania  ,84  ,"2,5  ",,Ucraïna  ,6  ,"2,9  ",,Pakistan  ,43  ,"3,4  ",,Pakistan  ,10  ,"3,1  ",,Itàlia  ,83  ,"2,4  ",,Índia  ,56  ,"2,3  ",,Itàlia  ,101  ,"2,4  ",,Rússia  ,44  ,"2,8  ",,Senegal  ,15  ,"2,9  ",,Ucraïna  ,61  ,"1,9  ",,Rússia  ,4  ,"2,2  ",,Geòrgia  ,55  ,"1,9  ",,Bolívia  ,9  ,"2,8  ",,Ucraïna  ,52  ,"2,8  ",,Ucraïna  ,114  ,"2,5  ",,Geòrgia  ,94  ,"2,4  ",,Paraguai  ,67  ,"3,4  ",,França  ,78  ,"2,4  ",,Regne Unit  ,170  ,"2,5  ",,Bolívia  ,107  ,"2,6  ",,Argentina  ,76  ,"2,2  ",,Ucraïna  ,32  ,"2,0  ",,Portugal  ,124  ,"2,0  ",,Colòmbia  ,56  ,"2,1  ",,Colòmbia  ,120  ,"1,8  ",,Hondures  ,73  ,"2,4  ",,Rússia  ,101  ,"3,1  ",,Rússia  ,104  ,"2,8  ",
Argentina  ,278  ,"1,2  ",,Romania  ,159  ,"1,9  ",,Ucraïna  ,100  ,"1,9  ",,Rússia  ,187  ,"1,9  ",,Rússia  ,131  ,"1,8  ",,Portugal  ,236  ,"2,2  ",,Perú  ,176  ,"1,8  ",,Rússia  ,192  ,"2,1  ",,Bolívia  ,247  ,"2,3  ",,Perú  ,169  ,"2,0  ",,Argentina  ,222  ,"1,8  ",,Equador  ,2  ,"1,9  ",,Rússia  ,95  ,"2,0  ",,Veneçuela  ,47  ,"2,4  ",,Brasil  ,90  ,"2,4  ",,Paraguai  ,65  ,"2,6  ",,Paraguai  ,113  ,"2,7  ",,Argentina  ,175  ,"2,4  ",,Argentina  ,122  ,"2,3  ",,República Dominicana  ,74  ,"2,6  ",,Perú  ,38  ,"1,8  ",,Armènia  ,9  ,"1,3  ",,Hondures  ,48  ,"1,4  ",,Bolívia  ,31  ,"1,9  ",,Brasil  ,74  ,"2,5  ",,Argentina  ,117  ,"1,9  ",,"Marroc, el  ",87  ,"2,2  ",,Índia  ,55  ,"2,5  ",,Alemanya  ,31  ,"2,8  ",,Brasil  ,45  ,"2,5  ",,Mèxic  ,247  ,"2,4  ",,Índia  ,118  ,"2,4  ",,Equador  ,98  ,"2,7  ",,Rússia  ,35  ,"2,7  ",,Pakistan  ,141  ,"2,6  ",,"Marroc, el  ",15  ,"2,4  ",,Argentina  ,120  ,"2,5  ",,Paraguai  ,46  ,"2,8  ",,República Dominicana  ,28  ,"2,7  ",,Romania  ,19  ,"3,0  ",,"Marroc, el  ",14  ,"2,6  ",,Bolívia  ,1  ,"1,2  ",,Veneçuela  ,79  ,"2,6  ",,,Paraguai  ,96  ,"2,7  ",,Paraguai  ,106  ,"2,5  ",,Itàlia  ,70  ,"2,1  ",,Xina  ,6  ,"2,9  ",,Brasil  ,36  ,"2,8  ",,Xina  ,10  ,"3,1  ",,Paraguai  ,75  ,"2,2  ",,Romania  ,54  ,"2,2  ",,Índia  ,100  ,"2,4  ",,Nigèria  ,41  ,"2,7  ",,Brasil  ,12  ,"2,3  ",,Bolívia  ,59  ,"1,8  ",,Algèria  ,3  ,"1,6  ",,Itàlia  ,52  ,"1,8  ",,Ucraïna  ,6  ,"1,9  ",,Rússia  ,35  ,"1,9  ",,Geòrgia  ,112  ,"2,4  ",,Argentina  ,86  ,"2,2  ",,Ucraïna  ,57  ,"2,9  ",,Pakistan  ,78  ,"2,4  ",,Brasil  ,147  ,"2,2  ",,Argentina  ,100  ,"2,4  ",,Perú  ,76  ,"2,2  ",,Romania  ,31  ,"2,0  ",,"Estats Units, els  ",115  ,"1,9  ",,Portugal  ,54  ,"2,1  ",,Perú  ,118  ,"1,8  ",,Índia  ,70  ,"2,3  ",,Veneçuela  ,88  ,"2,7  ",,Veneçuela  ,98  ,"2,7  ",
Equador  ,254  ,"1,1  ",,Brasil  ,157  ,"1,8  ",,Països Baixos  ,99  ,"1,8  ",,Mèxic  ,166  ,"1,7  ",,Equador  ,128  ,"1,7  ",,Rússia  ,217  ,"2,1  ",,Portugal  ,174  ,"1,8  ",,Portugal  ,189  ,"2,0  ",,Mèxic  ,235  ,"2,2  ",,Bolívia  ,165  ,"2,0  ",,Bolívia  ,209  ,"1,7  ",,França  ,2  ,"1,9  ",,Bulgària  ,92  ,"2,0  ",,Argentina  ,44  ,"2,2  ",,Veneçuela  ,78  ,"2,1  ",,Brasil  ,60  ,"2,4  ",,Filipines  ,96  ,"2,3  ",,República Dominicana  ,167  ,"2,3  ",,"Estats Units, els  ",117  ,"2,2  ",,Índia  ,68  ,"2,4  ",,Ucraïna  ,38  ,"1,8  ",,Bolívia  ,9  ,"1,3  ",,Països Baixos  ,48  ,"1,4  ",,Veneçuela  ,31  ,"1,9  ",,Mèxic  ,65  ,"2,2  ",,Perú  ,111  ,"1,8  ",,Bolívia  ,83  ,"2,1  ",,Xile  ,53  ,"2,4  ",,Perú  ,30  ,"2,7  ",,Mèxic  ,44  ,"2,4  ",,Portugal  ,239  ,"2,3  ",,Portugal  ,117  ,"2,3  ",,Hondures  ,96  ,"2,6  ",,Brasil  ,31  ,"2,4  ",,Rússia  ,137  ,"2,5  ",,Ucraïna  ,15  ,"2,4  ",,Ucraïna  ,112  ,"2,3  ",,Rússia  ,44  ,"2,7  ",,Argentina  ,27  ,"2,6  ",,Brasil  ,18  ,"2,8  ",,Argentina  ,12  ,"2,3  ",,Brasil  ,1  ,"1,2  ",,Geòrgia  ,70  ,"2,3  ",,,Veneçuela  ,87  ,"2,5  ",,Rússia  ,103  ,"2,4  ",,Ucraïna  ,64  ,"1,9  ",,Armènia  ,4  ,"2,0  ",,Argentina  ,34  ,"2,7  ",,Argentina  ,9  ,"2,8  ",,Rússia  ,71  ,"2,1  ",,Rússia  ,49  ,"2,0  ",,Ucraïna  ,92  ,"2,2  ",,Xina  ,41  ,"2,7  ",,Polònia  ,12  ,"2,3  ",,Índia  ,56  ,"1,8  ",,Bulgària  ,3  ,"1,6  ",,Ucraïna  ,48  ,"1,6  ",,Veneçuela  ,6  ,"1,9  ",,República Dominicana  ,34  ,"1,8  ",,França  ,107  ,"2,3  ",,Ucraïna  ,84  ,"2,2  ",,República Dominicana  ,49  ,"2,5  ",,Argentina  ,76  ,"2,3  ",,Alemanya  ,141  ,"2,1  ",,Equador  ,88  ,"2,1  ",,Veneçuela  ,76  ,"2,2  ",,Mèxic  ,30  ,"1,9  ",,Països Baixos  ,99  ,"1,6  ",,Països Baixos  ,50  ,"1,9  ",,República Dominicana  ,116  ,"1,7  ",,Equador  ,69  ,"2,2  ",,"Estats Units, els  ",76  ,"2,3  ",,Brasil  ,78  ,"2,1  ",
Brasil  ,241  ,"1,0  ",,Xina  ,151  ,"1,8  ",,Polònia  ,85  ,"1,6  ",,Romania  ,156  ,"1,6  ",,Romania  ,126  ,"1,7  ",,Alemanya  ,206  ,"2,0  ",,Xile  ,140  ,"1,4  ",,Xile  ,167  ,"1,8  ",,Romania  ,218  ,"2,0  ",,"Estats Units, els  ",153  ,"1,8  ",,Equador  ,189  ,"1,5  ",,Romania  ,2  ,"1,9  ",,Veneçuela  ,83  ,"1,8  ",,Portugal  ,42  ,"2,1  ",,Alemanya  ,75  ,"2,0  ",,Filipines  ,56  ,"2,2  ",,Índia  ,94  ,"2,2  ",,Paraguai  ,154  ,"2,1  ",,Mèxic  ,114  ,"2,1  ",,Alemanya  ,63  ,"2,2  ",,Veneçuela  ,38  ,"1,8  ",,Brasil  ,9  ,"1,3  ",,Perú  ,48  ,"1,4  ",,Argentina  ,30  ,"1,9  ",,Filipines  ,63  ,"2,1  ",,Països Baixos  ,108  ,"1,8  ",,Mèxic  ,78  ,"2,0  ",,"Marroc, el  ",52  ,"2,3  ",,Brasil  ,25  ,"2,3  ",,Portugal  ,43  ,"2,4  ",,Xile  ,201  ,"1,9  ",,Pakistan  ,112  ,"2,2  ",,Regne Unit  ,92  ,"2,5  ",,Regne Unit  ,29  ,"2,2  ",,República Dominicana  ,130  ,"2,4  ",,Xina  ,15  ,"2,4  ",,Geòrgia  ,102  ,"2,1  ",,Argentina  ,37  ,"2,2  ",,Geòrgia  ,26  ,"2,5  ",,Índia  ,16  ,"2,5  ",,Paraguai  ,12  ,"2,3  ",,Cuba  ,1  ,"1,2  ",,Paraguai  ,57  ,"1,9  ",,,Romania  ,86  ,"2,4  ",,Veneçuela  ,96  ,"2,2  ",,Argentina  ,59  ,"1,7  ",,Egipte  ,4  ,"2,0  ",,Rússia  ,33  ,"2,6  ",,Senegal  ,8  ,"2,5  ",,Veneçuela  ,57  ,"1,7  ",,Paraguai  ,48  ,"2,0  ",,Geòrgia  ,87  ,"2,1  ",,Itàlia  ,38  ,"2,5  ",,Itàlia  ,11  ,"2,1  ",,Paraguai  ,35  ,"1,1  ",,França  ,3  ,"1,6  ",,Algèria  ,47  ,"1,6  ",,Brasil  ,5  ,"1,5  ",,Portugal  ,33  ,"1,8  ",,Brasil  ,103  ,"2,2  ",,França  ,82  ,"2,1  ",,França  ,45  ,"2,3  ",,Rússia  ,74  ,"2,3  ",,Rússia  ,135  ,"2,0  ",,Rússia  ,85  ,"2,1  ",,Paraguai  ,49  ,"1,4  ",,Suècia  ,27  ,"1,7  ",,Romania  ,98  ,"1,6  ",,"Estats Units, els  ",41  ,"1,6  ",,Argentina  ,83  ,"1,3  ",,Alemanya  ,67  ,"2,2  ",,Argentina  ,72  ,"2,2  ",,Paraguai  ,72  ,"2,0  ",
"Estats Units, els  ",220  ,"0,9  ",,Rússia  ,146  ,"1,7  ",,Romania  ,84  ,"1,6  ",,Veneçuela  ,154  ,"1,6  ",,Bolívia  ,121  ,"1,6  ",,Romania  ,197  ,"1,9  ",,Bolívia  ,121  ,"1,2  ",,Bolívia  ,156  ,"1,7  ",,Portugal  ,217  ,"2,0  ",,Índia  ,152  ,"1,8  ",,Perú  ,180  ,"1,4  ",,Uruguai  ,2  ,"1,9  ",,Ucraïna  ,76  ,"1,6  ",,Alemanya  ,38  ,"1,9  ",,República Dominicana  ,74  ,"2,0  ",,Hondures  ,49  ,"1,9  ",,Argentina  ,87  ,"2,1  ",,Brasil  ,149  ,"2,0  ",,Regne Unit  ,113  ,"2,1  ",,Rússia  ,63  ,"2,2  ",,Filipines  ,37  ,"1,7  ",,Dinamarca  ,8  ,"1,2  ",,Bolívia  ,46  ,"1,4  ",,Brasil  ,30  ,"1,9  ",,Portugal  ,60  ,"2,0  ",,Hondures  ,107  ,"1,8  ",,Romania  ,78  ,"2,0  ",,Paraguai  ,52  ,"2,3  ",,Ucraïna  ,24  ,"2,2  ",,Índia  ,39  ,"2,1  ",,Pakistan  ,194  ,"1,8  ",,Xile  ,112  ,"2,2  ",,Geòrgia  ,72  ,"2,0  ",,"Marroc, el  ",28  ,"2,1  ",,Ucraïna  ,127  ,"2,3  ",,Xile  ,14  ,"2,2  ",,Armènia  ,94  ,"2,0  ",,França  ,36  ,"2,2  ",,França  ,24  ,"2,3  ",,Bolívia  ,13  ,"2,0  ",,Bulgària  ,10  ,"1,9  ",,El Salvador  ,1  ,"1,2  ",,Argentina  ,56  ,"1,8  ",,,Rússia  ,86  ,"2,4  ",,Brasil  ,89  ,"2,1  ",,Veneçuela  ,56  ,"1,6  ",,Pakistan  ,4  ,"2,0  ",,República Dominicana  ,30  ,"2,4  ",,Colòmbia  ,7  ,"2,2  ",,Nigèria  ,56  ,"1,6  ",,Veneçuela  ,46  ,"1,9  ",,Veneçuela  ,68  ,"1,6  ",,Veneçuela  ,30  ,"1,9  ",,República Dominicana  ,11  ,"2,1  ",,Armènia  ,30  ,"0,9  ",,Guatemala  ,3  ,"1,6  ",,Nigèria  ,46  ,"1,6  ",,Itàlia  ,5  ,"1,5  ",,Brasil  ,31  ,"1,7  ",,Rússia  ,103  ,"2,2  ",,Paraguai  ,73  ,"1,9  ",,Armènia  ,41  ,"2,1  ",,Brasil  ,60  ,"1,8  ",,Romania  ,132  ,"2,0  ",,Paraguai  ,81  ,"2,0  ",,Polònia  ,46  ,"1,3  ",,Colòmbia  ,24  ,"1,5  ",,Bolívia  ,93  ,"1,5  ",,Pakistan  ,38  ,"1,4  ",,Veneçuela  ,83  ,"1,3  ",,Regne Unit  ,66  ,"2,2  ",,França  ,62  ,"1,9  ",,Geòrgia  ,70  ,"1,9  ",
Portugal  ,219  ,"0,9  ",,Xile  ,133  ,"1,6  ",,Mèxic  ,83  ,"1,5  ",,Portugal  ,147  ,"1,5  ",,Portugal  ,113  ,"1,5  ",,Paraguai  ,193  ,"1,8  ",,"Marroc, el  ",113  ,"1,2  ",,Països Baixos  ,143  ,"1,5  ",,"Marroc, el  ",211  ,"1,9  ",,Portugal  ,144  ,"1,7  ",,Veneçuela  ,175  ,"1,4  ",,Algèria  ,1  ,"0,9  ",,Brasil  ,71  ,"1,5  ",,Regne Unit  ,37  ,"1,9  ",,Argentina  ,72  ,"1,9  ",,Argentina  ,45  ,"1,8  ",,Brasil  ,86  ,"2,0  ",,Rússia  ,139  ,"1,9  ",,Pakistan  ,112  ,"2,1  ",,Ucraïna  ,62  ,"2,2  ",,Algèria  ,33  ,"1,5  ",,Equador  ,8  ,"1,2  ",,Veneçuela  ,45  ,"1,3  ",,"Marroc, el  ",30  ,"1,9  ",,Països Baixos  ,55  ,"1,9  ",,Portugal  ,107  ,"1,8  ",,Paraguai  ,70  ,"1,8  ",,Portugal  ,50  ,"2,2  ",,Mèxic  ,21  ,"1,9  ",,Equador  ,36  ,"2,0  ",,Països Baixos  ,154  ,"1,5  ",,Rússia  ,110  ,"2,2  ",,Portugal  ,67  ,"1,8  ",,Bolívia  ,24  ,"1,8  ",,Brasil  ,109  ,"2,0  ",,Portugal  ,13  ,"2,1  ",,República Dominicana  ,92  ,"1,9  ",,Xina  ,35  ,"2,1  ",,Alemanya  ,23  ,"2,2  ",,Mèxic  ,13  ,"2,0  ",,Equador  ,10  ,"1,9  ",,"Estats Units, els  ",1  ,"1,2  ",,França  ,56  ,"1,8  ",,,Argentina  ,69  ,"2,0  ",,Ucraïna  ,87  ,"2,0  ",,El Salvador  ,48  ,"1,4  ",,Argentina  ,3  ,"1,5  ",,Veneçuela  ,30  ,"2,4  ",,Bolívia  ,6  ,"1,9  ",,Armènia  ,45  ,"1,3  ",,Filipines  ,37  ,"1,5  ",,Argentina  ,56  ,"1,3  ",,Paraguai  ,27  ,"1,7  ",,Rússia  ,11  ,"2,1  ",,Itàlia  ,29  ,"0,9  ",,Itàlia  ,3  ,"1,6  ",,Brasil  ,39  ,"1,3  ",,Portugal  ,5  ,"1,5  ",,Veneçuela  ,31  ,"1,7  ",,Argentina  ,95  ,"2,1  ",,Pakistan  ,71  ,"1,8  ",,Pakistan  ,39  ,"2,0  ",,Paraguai  ,51  ,"1,6  ",,Xile  ,117  ,"1,7  ",,Xile  ,81  ,"2,0  ",,Països Baixos  ,45  ,"1,3  ",,"Marroc, el  ",23  ,"1,5  ",,Mèxic  ,85  ,"1,4  ",,Suècia  ,33  ,"1,3  ",,Geòrgia  ,78  ,"1,2  ",,Brasil  ,63  ,"2,1  ",,Brasil  ,61  ,"1,8  ",,Argentina  ,62  ,"1,7  ",
República Dominicana  ,218  ,"0,9  ",,Veneçuela  ,121  ,"1,4  ",,Suècia  ,79  ,"1,5  ",,República Dominicana  ,146  ,"1,5  ",,Hondures  ,107  ,"1,5  ",,Hondures  ,192  ,"1,8  ",,Bèlgica  ,111  ,"1,1  ",,Romania  ,128  ,"1,4  ",,"Estats Units, els  ",196  ,"1,8  ",,Mèxic  ,142  ,"1,7  ",,Nepal  ,174  ,"1,4  ",,Argentina  ,1  ,"0,9  ",,Argentina  ,68  ,"1,5  ",,Ucraïna  ,34  ,"1,7  ",,Regne Unit  ,71  ,"1,9  ",,Alemanya  ,39  ,"1,5  ",,Geòrgia  ,82  ,"1,9  ",,Regne Unit  ,134  ,"1,8  ",,Bolívia  ,108  ,"2,0  ",,Hondures  ,54  ,"1,9  ",,Portugal  ,33  ,"1,5  ",,Suècia  ,8  ,"1,2  ",,Brasil  ,43  ,"1,3  ",,Països Baixos  ,30  ,"1,9  ",,Hondures  ,54  ,"1,8  ",,Xile  ,92  ,"1,5  ",,Països Baixos  ,64  ,"1,6  ",,Bolívia  ,49  ,"2,2  ",,Polònia  ,19  ,"1,7  ",,Bolívia  ,35  ,"1,9  ",,Bolívia  ,151  ,"1,4  ",,Equador  ,108  ,"2,2  ",,Alemanya  ,64  ,"1,7  ",,Paraguai  ,22  ,"1,7  ",,Regne Unit  ,95  ,"1,7  ",,Brasil  ,12  ,"1,9  ",,El Salvador  ,91  ,"1,9  ",,República Dominicana  ,33  ,"2,0  ",,Romania  ,23  ,"2,2  ",,Equador  ,11  ,"1,7  ",,Brasil  ,9  ,"1,7  ",,Índia  ,1  ,"1,2  ",,Rússia  ,49  ,"1,6  ",,,França  ,65  ,"1,8  ",,Índia  ,75  ,"1,8  ",,Brasil  ,45  ,"1,3  ",,Brasil  ,3  ,"1,5  ",,Geòrgia  ,26  ,"2,1  ",,Guinea  ,6  ,"1,9  ",,Brasil  ,44  ,"1,3  ",,Argentina  ,36  ,"1,5  ",,Rússia  ,56  ,"1,3  ",,Geòrgia  ,19  ,"1,2  ",,Bulgària  ,9  ,"1,7  ",,Brasil  ,23  ,"0,7  ",,República Dominicana  ,3  ,"1,6  ",,Rússia  ,38  ,"1,3  ",,Armènia  ,4  ,"1,2  ",,Argentina  ,27  ,"1,4  ",,Paraguai  ,80  ,"1,7  ",,Armènia  ,62  ,"1,6  ",,Argentina  ,36  ,"1,8  ",,Armènia  ,48  ,"1,5  ",,Ucraïna  ,108  ,"1,6  ",,Regne Unit  ,80  ,"2,0  ",,Xile  ,45  ,"1,3  ",,Perú  ,22  ,"1,4  ",,Ucraïna  ,83  ,"1,3  ",,Bèlgica  ,32  ,"1,2  ",,Brasil  ,77  ,"1,2  ",,Portugal  ,63  ,"2,1  ",,Portugal  ,59  ,"1,8  ",,Senegal  ,57  ,"1,6  ",
Rússia  ,217  ,"0,9  ",,Suècia  ,118  ,"1,4  ",,Índia  ,71  ,"1,3  ",,Xile  ,136  ,"1,4  ",,Ucraïna  ,103  ,"1,4  ",,Xile  ,186  ,"1,8  ",,Romania  ,107  ,"1,1  ",,Pakistan  ,126  ,"1,4  ",,Xile  ,180  ,"1,7  ",,Rússia  ,141  ,"1,7  ",,"Estats Units, els  ",152  ,"1,2  ",,Àustria  ,1  ,"0,9  ",,Portugal  ,63  ,"1,4  ",,Polònia  ,30  ,"1,5  ",,Hondures  ,59  ,"1,6  ",,Regne Unit  ,39  ,"1,5  ",,Rússia  ,75  ,"1,8  ",,Ucraïna  ,125  ,"1,7  ",,Hondures  ,100  ,"1,9  ",,Iran  ,53  ,"1,9  ",,Argentina  ,32  ,"1,5  ",,Xile  ,8  ,"1,2  ",,Bulgària  ,42  ,"1,3  ",,Hondures  ,29  ,"1,8  ",,Romania  ,52  ,"1,8  ",,Romania  ,81  ,"1,3  ",,Xile  ,58  ,"1,5  ",,Ucraïna  ,49  ,"2,2  ",,Portugal  ,16  ,"1,4  ",,Polònia  ,31  ,"1,7  ",,Romania  ,147  ,"1,4  ",,Bolívia  ,105  ,"2,1  ",,Rússia  ,64  ,"1,7  ",,Portugal  ,22  ,"1,7  ",,Alemanya  ,89  ,"1,6  ",,Bèlgica  ,10  ,"1,6  ",,França  ,69  ,"1,4  ",,Portugal  ,31  ,"1,9  ",,Índia  ,19  ,"1,8  ",,Uruguai  ,10  ,"1,6  ",,República Dominicana  ,9  ,"1,7  ",,Israel  ,1  ,"1,2  ",,Xile  ,45  ,"1,5  ",,,El Salvador  ,52  ,"1,5  ",,Argentina  ,64  ,"1,5  ",,Rússia  ,41  ,"1,2  ",,"Estats Units, els  ",3  ,"1,5  ",,França  ,20  ,"1,6  ",,Mèxic  ,6  ,"1,9  ",,Geòrgia  ,34  ,"1,0  ",,Cuba  ,31  ,"1,3  ",,Paraguai  ,54  ,"1,3  ",,Brasil  ,18  ,"1,2  ",,Xina  ,8  ,"1,5  ",,Argentina  ,22  ,"0,7  ",,Canadà  ,2  ,"1,1  ",,Argentina  ,30  ,"1,0  ",,Índia  ,4  ,"1,2  ",,Geòrgia  ,24  ,"1,3  ",,Regne Unit  ,73  ,"1,6  ",,Brasil  ,51  ,"1,3  ",,Bulgària  ,29  ,"1,5  ",,Portugal  ,47  ,"1,4  ",,Hondures  ,107  ,"1,6  ",,República Dominicana  ,79  ,"1,9  ",,Mèxic  ,44  ,"1,3  ",,Pakistan  ,20  ,"1,3  ",,Perú  ,82  ,"1,3  ",,Mèxic  ,32  ,"1,2  ",,Nepal  ,74  ,"1,1  ",,Bolívia  ,61  ,"2,0  ",,Armènia  ,50  ,"1,5  ",,Armènia  ,54  ,"1,5  ",
Resta nacionalitats  ,3.814  ,"16,0  ",,Resta nacionalitats  ,2.072  ,"24,3  ",,Resta nacionalitats  ,1.375  ,"25,7  ",,Resta nacionalitats  ,2.456  ,"25,6  ",,Resta nacionalitats  ,1.706  ,"23,2  ",,Resta nacionalitats  ,2.812  ,"26,7  ",,Resta nacionalitats  ,2.446  ,"25,1  ",,Resta nacionalitats  ,2.373  ,"25,5  ",,Resta nacionalitats  ,2.737  ,"25,2  ",,Resta nacionalitats  ,2.049  ,"24,3  ",,Resta nacionalitats  ,2.539  ,"20,4  ",,Resta nacionalitats  ,10  ,"9,4  ",,Resta nacionalitats  ,836  ,"18,0  ",,Resta nacionalitats  ,521  ,"26,2  ",,Resta nacionalitats  ,889  ,"23,9  ",,Resta nacionalitats  ,533  ,"21,1  ",,Resta nacionalitats  ,914  ,"21,6  ",,Resta nacionalitats  ,1.848  ,"25,0  ",,Resta nacionalitats  ,1.585  ,"29,5  ",,Resta nacionalitats  ,731  ,"25,8  ",,Resta nacionalitats  ,567  ,"26,5  ",,Resta nacionalitats  ,148  ,"21,6  ",,Resta nacionalitats  ,834  ,"24,9  ",,Resta nacionalitats  ,397  ,"24,9  ",,Resta nacionalitats  ,863  ,"29,2  ",,Resta nacionalitats  ,1.700  ,"28,2  ",,Resta nacionalitats  ,1.043  ,"26,1  ",,Resta nacionalitats  ,608  ,"27,2  ",,Resta nacionalitats  ,236  ,"21,3  ",,Resta nacionalitats  ,468  ,"25,7  ",,Resta nacionalitats  ,2.762  ,"26,3  ",,Resta nacionalitats  ,1.384  ,"27,8 ",,Resta nacionalitats  ,926  ,"25,1  ",,Resta nacionalitats  ,379  ,"28,9  ",,Resta nacionalitats  ,1.312  ,"24,2  ",,Resta nacionalitats  ,163  ,"26,1  ",,Resta nacionalitats  ,952  ,"19,9  ",,Resta nacionalitats  ,389  ,"23,6  ",,Resta nacionalitats  ,260  ,"24,7  ",,Resta nacionalitats  ,135  ,"21,0  ",,Resta nacionalitats  ,102  ,"19,1  ",,Resta nacionalitats  ,5  ,"6,1  ",,Resta nacionalitats  ,711  ,"23,1 ",,,Resta nacionalitats  ,557  ,"15,8  ",,Resta nacionalitats  ,680  ,"15,9  ",,Resta nacionalitats  ,383  ,"11,3  ",,Resta nacionalitats  ,38  ,"18,5  ",,Resta nacionalitats  ,227  ,"18,0  ",,Resta nacionalitats  ,72  ,"22,3  ",,Resta nacionalitats  ,423  ,"12,4  ",,Resta nacionalitats  ,370  ,"15,1  ",,Resta nacionalitats  ,723  ,"17,1  ",,Resta nacionalitats  ,200  ,"13,0  ",,Resta nacionalitats  ,82  ,"15,7  ",,Resta nacionalitats  ,322  ,"10,1  ",,Resta nacionalitats  ,18  ,"9,7  ",,Resta nacionalitats  ,379  ,"13,0  ",,Resta nacionalitats  ,35  ,"10,8  ",,Resta nacionalitats  ,324  ,"17,3  ",,Resta nacionalitats  ,1.080  ,"23,5  ",,Resta nacionalitats  ,772  ,"20,1  ",,Resta nacionalitats  ,360  ,"18,5  ",,Resta nacionalitats  ,731  ,"22,3  ",,Resta nacionalitats  ,1.556  ,"23,1  ",,Resta nacionalitats  ,943  ,"23,0  ",,Resta nacionalitats  ,944  ,"27,6  ",,Resta nacionalitats  ,355  ,"22,7  ",,Resta nacionalitats  ,1.526  ,"24,8  ",,Resta nacionalitats  ,641  ,"24,3  ",,Resta nacionalitats  ,950  ,"14,3  ",,Resta nacionalitats  ,826  ,"26,9  ",,Resta nacionalitats  ,631  ,"19,1  ",,Resta nacionalitats  ,745  ,"20,4  ",